mp_index,battery_formula,formula_discharge,framework_formula,preliminary_family,cv_group,average_voltage,target,protocol,model,y_true,y_pred_oof,abs_error,capacity_grav,energy_grav,stability_worst,target_property,best_model
0,Na0-2MnPO4F,Na2MnPO4F,MnPO4F,phosphate_or_NASICON_like,MnPO4F,,energy_grav,C_strict_post_DFT,ExtraTrees,964.105079851745,897.0164412513554,67.08863860038957,,964.105079851745,,energy_grav,ExtraTrees
1,Na0-2MnP2O7,Na2MnP2O7,MnP2O7,phosphate_or_NASICON_like,MnP2O7,,energy_grav,C_strict_post_DFT,ExtraTrees,791.536945326702,549.3507164470238,242.1862288796782,,791.536945326702,,energy_grav,ExtraTrees
2,Na0-2MnCSO7,Na2MnCSO7,MnCSO7,sulfate_like,MnCSO7,,energy_grav,C_strict_post_DFT,ExtraTrees,855.3633013088498,637.9650273659609,217.39827394288895,,855.3633013088498,,energy_grav,ExtraTrees
3,Na1-3MnPCO7,Na3MnPCO7,MnPCO7,phosphate_or_NASICON_like,MnPCO7,,energy_grav,C_strict_post_DFT,ExtraTrees,647.6383323593827,548.661603403472,98.97672895591074,,647.6383323593827,,energy_grav,ExtraTrees
4,Na0-4Fe2(PO4)3,Na4Fe2(PO4)3,Fe2(PO4)3,phosphate_or_NASICON_like,Fe2(PO4)3,,energy_grav,C_strict_post_DFT,ExtraTrees,868.1902815693422,487.724320525237,380.46596104410526,,868.1902815693422,,energy_grav,ExtraTrees
5,Na0-2FeCSO7,Na2FeCSO7,FeCSO7,sulfate_like,FeCSO7,,energy_grav,C_strict_post_DFT,ExtraTrees,809.0670317900984,682.1952513967707,126.87178039332775,,809.0670317900984,,energy_grav,ExtraTrees
6,Na2-6Fe2C4SO16,Na6Fe2C4SO16,Fe2C4SO16,sulfate_like,Fe2C4SO16,,energy_grav,C_strict_post_DFT,ExtraTrees,714.5675914048866,406.9199472798467,307.64764412503985,,714.5675914048866,,energy_grav,ExtraTrees
7,Na1-3FePCO7,Na3FePCO7,FePCO7,phosphate_or_NASICON_like,FePCO7,,energy_grav,C_strict_post_DFT,ExtraTrees,659.781295722714,582.1501198239289,77.63117589878516,,659.781295722714,,energy_grav,ExtraTrees
8,Na0-1CuPO4,NaCuPO4,CuPO4,phosphate_or_NASICON_like,CuPO4,,energy_grav,C_strict_post_DFT,ExtraTrees,565.2197752208892,563.238054982684,1.9817202382051848,,565.2197752208892,,energy_grav,ExtraTrees
9,Na0-6Mn3(PO4)4,Na6Mn3(PO4)4,Mn3(PO4)4,phosphate_or_NASICON_like,Mn3(PO4)4,,energy_grav,C_strict_post_DFT,ExtraTrees,817.3976522599902,550.6237577126094,266.7738945473808,,817.3976522599902,,energy_grav,ExtraTrees
10,Na1-2.5MnPCO7,Na5Mn2P2(CO7)2,MnPCO7,phosphate_or_NASICON_like,MnPCO7,,energy_grav,C_strict_post_DFT,ExtraTrees,542.9997721974468,442.453253092082,100.54651910536478,,542.9997721974468,,energy_grav,ExtraTrees
11,Na0-1MnO2,NaMnO2,MnO2,transition_metal_oxide_like,MnO2,,energy_grav,C_strict_post_DFT,ExtraTrees,669.4089949888283,635.7221936342817,33.686801354546674,,669.4089949888283,,energy_grav,ExtraTrees
12,Na0-1MnO2,NaMnO2,MnO2,transition_metal_oxide_like,MnO2,,energy_grav,C_strict_post_DFT,ExtraTrees,656.5127169914138,659.1998123402063,2.6870953487925817,,656.5127169914138,,energy_grav,ExtraTrees
13,Na0-1MnPO4,NaMnPO4,MnPO4,phosphate_or_NASICON_like,MnPO4,,energy_grav,C_strict_post_DFT,ExtraTrees,525.0377236787692,601.2976562795839,76.25993260081464,,525.0377236787692,,energy_grav,ExtraTrees
14,Na0-1MnO2,NaMnO2,MnO2,transition_metal_oxide_like,MnO2,,energy_grav,C_strict_post_DFT,ExtraTrees,653.66997860179,621.3137769837793,32.35620161801069,,653.66997860179,,energy_grav,ExtraTrees
15,Na0-1MnPO4,NaMnPO4,MnPO4,phosphate_or_NASICON_like,MnPO4,,energy_grav,C_strict_post_DFT,ExtraTrees,511.1337868747771,605.9914190293294,94.85763215455232,,511.1337868747771,,energy_grav,ExtraTrees
16,Na0-6Cu9(PO4)8,Na6Cu9(PO4)8,Cu9(PO4)8,phosphate_or_NASICON_like,Cu9(PO4)8,,energy_grav,C_strict_post_DFT,ExtraTrees,439.529850709566,464.58045147212897,25.050600762562965,,439.529850709566,,energy_grav,ExtraTrees
17,Na0-8Fe7(PO4)8,Na8Fe7(PO4)8,Fe7(PO4)8,phosphate_or_NASICON_like,Fe7(PO4)8,,energy_grav,C_strict_post_DFT,ExtraTrees,549.0480304966038,578.2802224189179,29.232191922314087,,549.0480304966038,,energy_grav,ExtraTrees
18,Na1-2CuP2O7,Na2CuP2O7,CuP2O7,phosphate_or_NASICON_like,CuP2O7,,energy_grav,C_strict_post_DFT,ExtraTrees,386.13481585199935,424.5017109463355,38.366895094336144,,386.13481585199935,,energy_grav,ExtraTrees
19,Na1-2CuP2O7,Na2CuP2O7,CuP2O7,phosphate_or_NASICON_like,CuP2O7,,energy_grav,C_strict_post_DFT,ExtraTrees,394.9179407305286,414.3674685671843,19.449527836655705,,394.9179407305286,,energy_grav,ExtraTrees
20,Na1-3CuCSO7,Na3CuCSO7,CuCSO7,sulfate_like,CuCSO7,,energy_grav,C_strict_post_DFT,ExtraTrees,544.3492053594156,422.52384526979694,121.82536008961864,,544.3492053594156,,energy_grav,ExtraTrees
21,Na1-2MnPCO7,Na2MnPCO7,MnPCO7,phosphate_or_NASICON_like,MnPCO7,,energy_grav,C_strict_post_DFT,ExtraTrees,406.1059932600657,381.37541310353714,24.73058015652856,,406.1059932600657,,energy_grav,ExtraTrees
22,Na0-1FePO4,NaFePO4,FePO4,phosphate_or_NASICON_like,FePO4,,energy_grav,C_strict_post_DFT,ExtraTrees,473.77783299424846,589.328531270066,115.55069827581758,,473.77783299424846,,energy_grav,ExtraTrees
23,Na0-1FePO4,NaFePO4,FePO4,phosphate_or_NASICON_like,FePO4,,energy_grav,C_strict_post_DFT,ExtraTrees,463.1822658850268,588.1658158876996,124.9835500026728,,463.1822658850268,,energy_grav,ExtraTrees
24,Na0-1FePO4,NaFePO4,FePO4,phosphate_or_NASICON_like,FePO4,,energy_grav,C_strict_post_DFT,ExtraTrees,464.7886927694456,600.9724922508325,136.18379948138687,,464.7886927694456,,energy_grav,ExtraTrees
25,Na0-1MnO2,NaMnO2,MnO2,transition_metal_oxide_like,MnO2,,energy_grav,C_strict_post_DFT,ExtraTrees,581.9842746372794,601.8758742277172,19.89159959043775,,581.9842746372794,,energy_grav,ExtraTrees
26,Na0-0.67MnPO4,Na2Mn3(PO4)3,MnPO4,phosphate_or_NASICON_like,MnPO4,,energy_grav,C_strict_post_DFT,ExtraTrees,397.17440469946064,432.5801480692572,35.40574336979654,,397.17440469946064,,energy_grav,ExtraTrees
27,Na0-0.5MnO2,NaMn2O4,MnO2,transition_metal_oxide_like,MnO2,,energy_grav,C_strict_post_DFT,ExtraTrees,433.4189249912029,488.0723067880388,54.6533817968359,,433.4189249912029,,energy_grav,ExtraTrees
28,Na0-1Mn(PO3)3,NaMn(PO3)3,Mn(PO3)3,phosphate_or_NASICON_like,Mn(PO3)3,,energy_grav,C_strict_post_DFT,ExtraTrees,336.3949801286848,375.81212789488967,39.41714776620489,,336.3949801286848,,energy_grav,ExtraTrees
29,Na2-3FeSiCO7,Na3FeSiCO7,FeSiCO7,silicate_like,FeSiCO7,,energy_grav,C_strict_post_DFT,ExtraTrees,374.3900558547362,381.9925093648558,7.602453510119574,,374.3900558547362,,energy_grav,ExtraTrees
30,Na3-6Fe2P(CO4)4,Na6Fe2P(CO4)4,Fe2P(CO4)4,phosphate_or_NASICON_like,Fe2P(CO4)4,,energy_grav,C_strict_post_DFT,ExtraTrees,462.0876384967329,489.5470151365366,27.45937663980368,,462.0876384967329,,energy_grav,ExtraTrees
31,Na4-6Mn2C4SO16,Na6Mn2C4SO16,Mn2C4SO16,sulfate_like,Mn2C4SO16,,energy_grav,C_strict_post_DFT,ExtraTrees,343.11897977201187,313.86686111145,29.252118660561848,,343.11897977201187,,energy_grav,ExtraTrees
32,Na4-6Mn2P(CO4)4,Na6Mn2P(CO4)4,Mn2P(CO4)4,phosphate_or_NASICON_like,Mn2P(CO4)4,,energy_grav,C_strict_post_DFT,ExtraTrees,356.9064606449384,335.92486120880056,20.981599436137856,,356.9064606449384,,energy_grav,ExtraTrees
33,Na2-3FeBPO7,Na3FeBPO7,FeBPO7,phosphate_or_NASICON_like,FeBPO7,,energy_grav,C_strict_post_DFT,ExtraTrees,352.3380271770489,343.63073576083275,8.707291416216151,,352.3380271770489,,energy_grav,ExtraTrees
34,Na2-3MnBPO7,Na3MnBPO7,MnBPO7,phosphate_or_NASICON_like,MnBPO7,,energy_grav,C_strict_post_DFT,ExtraTrees,354.0918536633354,303.5769907202857,50.51486294304971,,354.0918536633354,,energy_grav,ExtraTrees
35,Na4-6Cu2C4SO16,Na6Cu2C4SO16,Cu2C4SO16,sulfate_like,Cu2C4SO16,,energy_grav,C_strict_post_DFT,ExtraTrees,330.03620229921864,334.7724980433941,4.736295744175436,,330.03620229921864,,energy_grav,ExtraTrees
36,Na2-3CuPCO7,Na3CuPCO7,CuPCO7,phosphate_or_NASICON_like,CuPCO7,,energy_grav,C_strict_post_DFT,ExtraTrees,313.45614936039726,305.7250964881686,7.731052872228645,,313.45614936039726,,energy_grav,ExtraTrees
37,Na0-3Ti2(PO4)3,Na3Ti2(PO4)3,Ti2(PO4)3,phosphate_or_NASICON_like,Ti2(PO4)3,,energy_grav,C_strict_post_DFT,ExtraTrees,412.38220325357656,416.4083885688727,4.026185315296118,,412.38220325357656,,energy_grav,ExtraTrees
38,Na0-1Mn(GeO3)2,NaMn(GeO3)2,Mn(GeO3)2,transition_metal_oxide_like,Mn(GeO3)2,,energy_grav,C_strict_post_DFT,ExtraTrees,332.0036690295318,347.77688892045524,15.773219890923428,,332.0036690295318,,energy_grav,ExtraTrees
39,Na0-2Ti3Fe(PO4)6,Na2Ti3Fe(PO4)6,Ti3Fe(PO4)6,phosphate_or_NASICON_like,Ti3Fe(PO4)6,,energy_grav,C_strict_post_DFT,ExtraTrees,272.05578962760546,278.5864278250623,6.530638197456824,,272.05578962760546,,energy_grav,ExtraTrees
40,Na0-9Mn21O40,Na9Mn21O40,Mn21O40,transition_metal_oxide_like,Mn21O40,,energy_grav,C_strict_post_DFT,ExtraTrees,366.4050064638872,409.260561199219,42.85555473533179,,366.4050064638872,,energy_grav,ExtraTrees
41,Na2-3MnSiCO7,Na3MnSiCO7,MnSiCO7,silicate_like,MnSiCO7,,energy_grav,C_strict_post_DFT,ExtraTrees,307.91006556137205,346.12448970695954,38.214424145587486,,307.91006556137205,,energy_grav,ExtraTrees
42,Na1-3GePCO7,Na3GePCO7,GePCO7,phosphate_or_NASICON_like,GePCO7,,energy_grav,C_strict_post_DFT,ExtraTrees,385.4496795455767,593.5768540142362,208.12717446865952,,385.4496795455767,,energy_grav,ExtraTrees
43,Na0-1Fe(PO3)3,NaFe(PO3)3,Fe(PO3)3,phosphate_or_NASICON_like,Fe(PO3)3,,energy_grav,C_strict_post_DFT,ExtraTrees,277.8805487108734,347.1099332067855,69.22938449591209,,277.8805487108734,,energy_grav,ExtraTrees
44,Na0-0.5Cu3O4,Na(Cu3O4)2,Cu3O4,transition_metal_oxide_like,Cu3O4,,energy_grav,C_strict_post_DFT,ExtraTrees,198.3107883458557,204.92166232379165,6.610873977935938,,198.3107883458557,,energy_grav,ExtraTrees
45,Na1-3SnPCO7,Na3SnPCO7,SnPCO7,phosphate_or_NASICON_like,SnPCO7,,energy_grav,C_strict_post_DFT,ExtraTrees,322.25769647783864,346.5121427907884,24.254446312949767,,322.25769647783864,,energy_grav,ExtraTrees
46,Na0.33-0.67FePO4,Na2Fe3(PO4)3,FePO4,phosphate_or_NASICON_like,FePO4,,energy_grav,C_strict_post_DFT,ExtraTrees,201.71186670514783,337.43219190685,135.72032520170217,,201.71186670514783,,energy_grav,ExtraTrees
47,Na2-3CuBSO7,Na3CuBSO7,CuBSO7,sulfate_like,CuBSO7,,energy_grav,C_strict_post_DFT,ExtraTrees,282.85429090580743,275.1947778889902,7.659513016817243,,282.85429090580743,,energy_grav,ExtraTrees
48,Na2-2.5MnPCO7,Na5Mn2P2(CO7)2,MnPCO7,phosphate_or_NASICON_like,MnPCO7,,energy_grav,C_strict_post_DFT,ExtraTrees,158.1476616886898,194.4193246059646,36.2716629172748,,158.1476616886898,,energy_grav,ExtraTrees
49,Na2-2.5MnPCO7,Na5Mn2P2(CO7)2,MnPCO7,phosphate_or_NASICON_like,MnPCO7,,energy_grav,C_strict_post_DFT,ExtraTrees,158.6512227393543,189.72050255317228,31.069279813817985,,158.6512227393543,,energy_grav,ExtraTrees
50,Na2-2.5MnPCO7,Na5Mn2P2(CO7)2,MnPCO7,phosphate_or_NASICON_like,MnPCO7,,energy_grav,C_strict_post_DFT,ExtraTrees,155.34169885131865,186.107104015569,30.765405164250357,,155.34169885131865,,energy_grav,ExtraTrees
51,Na2-3MnBSO7,Na3MnBSO7,MnBSO7,sulfate_like,MnBSO7,,energy_grav,C_strict_post_DFT,ExtraTrees,251.39146270208565,331.1819672591649,79.79050455707923,,251.39146270208565,,energy_grav,ExtraTrees
52,Na4-6Sn2C4SO16,Na6Sn2C4SO16,Sn2C4SO16,sulfate_like,Sn2C4SO16,,energy_grav,C_strict_post_DFT,ExtraTrees,211.0330588924455,174.6026546533656,36.43040423907991,,211.0330588924455,,energy_grav,ExtraTrees
53,Na5-7Cu7O13,Na7Cu7O13,Cu7O13,transition_metal_oxide_like,Cu7O13,,energy_grav,C_strict_post_DFT,ExtraTrees,196.4621700961623,224.84482817420243,28.382658078040123,,196.4621700961623,,energy_grav,ExtraTrees
54,Na0-1CaFe2(SiO3)4,NaCaFe2(SiO3)4,CaFe2(SiO3)4,silicate_like,CaFe2(SiO3)4,,energy_grav,C_strict_post_DFT,ExtraTrees,152.920986307926,233.7444047639968,80.82341845607075,,152.920986307926,,energy_grav,ExtraTrees
55,Na0-1MgMn4O8,NaMgMn4O8,MgMn4O8,transition_metal_oxide_like,MgMn4O8,,energy_grav,C_strict_post_DFT,ExtraTrees,165.94347635972596,285.0260254238254,119.08254906409942,,165.94347635972596,,energy_grav,ExtraTrees
56,Na0-2MnH4(SO5)2,Na2MnH4(SO5)2,MnH4(SO5)2,sulfate_like,MnH4(SO5)2,,energy_grav,C_strict_post_DFT,ExtraTrees,690.5907100330106,557.878433051708,132.71227698130258,,690.5907100330106,,energy_grav,ExtraTrees
57,Na0-3Cr2(PO4)3,Na3Cr2(PO4)3,Cr2(PO4)3,phosphate_or_NASICON_like,Cr2(PO4)3,,energy_grav,C_strict_post_DFT,ExtraTrees,753.5670578969732,529.3581482115521,224.20890968542108,,753.5670578969732,,energy_grav,ExtraTrees
58,Na0-3.5Cr2(PO4)3,Na7Cr4(PO4)6,Cr2(PO4)3,phosphate_or_NASICON_like,Cr2(PO4)3,,energy_grav,C_strict_post_DFT,ExtraTrees,739.9898472719805,556.4550150092564,183.53483226272408,,739.9898472719805,,energy_grav,ExtraTrees
59,Na0-3V2(PO4)3,Na3V2(PO4)3,V2(PO4)3,phosphate_or_NASICON_like,V2(PO4)3,,energy_grav,C_strict_post_DFT,ExtraTrees,590.8022421020027,551.2756646435297,39.52657745847296,,590.8022421020027,,energy_grav,ExtraTrees
60,Na0-1VPO5,NaVPO5,VPO5,phosphate_or_NASICON_like,VPO5,,energy_grav,C_strict_post_DFT,ExtraTrees,521.9503845777144,425.2224117103168,96.72797286739768,,521.9503845777144,,energy_grav,ExtraTrees
61,Na1-3CrPCO7,Na3CrPCO7,CrPCO7,phosphate_or_NASICON_like,CrPCO7,,energy_grav,C_strict_post_DFT,ExtraTrees,588.7798798659595,623.4021715471313,34.62229168117176,,588.7798798659595,,energy_grav,ExtraTrees
62,Na0-3V2(PO4)3,Na3V2(PO4)3,V2(PO4)3,phosphate_or_NASICON_like,V2(PO4)3,,energy_grav,C_strict_post_DFT,ExtraTrees,551.3025607747662,584.4260259398593,33.12346516509308,,551.3025607747662,,energy_grav,ExtraTrees
63,Na0-1.29V2O5,Na9V14O35,V2O5,transition_metal_oxide_like,V2O5,,energy_grav,C_strict_post_DFT,ExtraTrees,523.369142037538,480.4427458119975,42.92639622554054,,523.369142037538,,energy_grav,ExtraTrees
64,Na1-3VSiCO7,Na3VSiCO7,VSiCO7,silicate_like,VSiCO7,,energy_grav,C_strict_post_DFT,ExtraTrees,577.9317255081036,483.2753634549092,94.65636205319436,,577.9317255081036,,energy_grav,ExtraTrees
65,Na0-1VPO5,NaVPO5,VPO5,phosphate_or_NASICON_like,VPO5,,energy_grav,C_strict_post_DFT,ExtraTrees,495.650996817832,503.5214305392244,7.8704337213924305,,495.650996817832,,energy_grav,ExtraTrees
66,Na0-2V3O7,Na2V3O7,V3O7,transition_metal_oxide_like,V3O7,,energy_grav,C_strict_post_DFT,ExtraTrees,556.7024624585422,409.993299061503,146.70916339703916,,556.7024624585422,,energy_grav,ExtraTrees
67,Na0-1VPO5,NaVPO5,VPO5,phosphate_or_NASICON_like,VPO5,,energy_grav,C_strict_post_DFT,ExtraTrees,483.77091349161833,472.1918836741359,11.579029817482478,,483.77091349161833,,energy_grav,ExtraTrees
68,Na0-1Cr3O8,NaCr3O8,Cr3O8,transition_metal_oxide_like,Cr3O8,,energy_grav,C_strict_post_DFT,ExtraTrees,378.7235918642971,304.5817367179757,74.1418551463214,,378.7235918642971,,energy_grav,ExtraTrees
69,Na0-1V2O5,NaV2O5,V2O5,transition_metal_oxide_like,V2O5,,energy_grav,C_strict_post_DFT,ExtraTrees,427.36097095766576,397.6095750948749,29.751395862790844,,427.36097095766576,,energy_grav,ExtraTrees
70,Na0-1Mo(PO4)2,NaMo(PO4)2,Mo(PO4)2,phosphate_or_NASICON_like,Mo(PO4)2,,energy_grav,C_strict_post_DFT,ExtraTrees,354.91102427688406,283.06322375574507,71.84780052113899,,354.91102427688406,,energy_grav,ExtraTrees
71,Na0-1VP2O7,NaVP2O7,VP2O7,phosphate_or_NASICON_like,VP2O7,,energy_grav,C_strict_post_DFT,ExtraTrees,390.0504394790577,445.58083204914107,55.53039257008339,,390.0504394790577,,energy_grav,ExtraTrees
72,Na0-1VP2O7,NaVP2O7,VP2O7,phosphate_or_NASICON_like,VP2O7,,energy_grav,C_strict_post_DFT,ExtraTrees,387.7696269880441,444.7895861395468,57.019959151502746,,387.7696269880441,,energy_grav,ExtraTrees
73,Na1-3VPCO7,Na3VPCO7,VPCO7,phosphate_or_NASICON_like,VPCO7,,energy_grav,C_strict_post_DFT,ExtraTrees,475.9126072292628,545.0941948123614,69.18158758309858,,475.9126072292628,,energy_grav,ExtraTrees
74,Na0-1V2P2O9,NaV2P2O9,V2P2O9,phosphate_or_NASICON_like,V2P2O9,,energy_grav,C_strict_post_DFT,ExtraTrees,336.1819049222564,391.3576456430145,55.175740720758085,,336.1819049222564,,energy_grav,ExtraTrees
75,Na1-2V(PO4)2,Na2V(PO4)2,V(PO4)2,phosphate_or_NASICON_like,V(PO4)2,,energy_grav,C_strict_post_DFT,ExtraTrees,361.6133384408011,410.42341502382266,48.81007658302156,,361.6133384408011,,energy_grav,ExtraTrees
76,Na0-1Cr(GeO3)2,NaCr(GeO3)2,Cr(GeO3)2,transition_metal_oxide_like,Cr(GeO3)2,,energy_grav,C_strict_post_DFT,ExtraTrees,368.3914341388431,359.6405528120112,8.750881326831916,,368.3914341388431,,energy_grav,ExtraTrees
77,Na1-2BiPCO7,Na2BiPCO7,BiPCO7,phosphate_or_NASICON_like,BiPCO7,,energy_grav,C_strict_post_DFT,ExtraTrees,291.66209902339625,286.53485597682044,5.127243046575813,,291.66209902339625,,energy_grav,ExtraTrees
78,Na0-1V2O5,NaV2O5,V2O5,transition_metal_oxide_like,V2O5,,energy_grav,C_strict_post_DFT,ExtraTrees,391.8476549939573,376.5928008115421,15.254854182415158,,391.8476549939573,,energy_grav,ExtraTrees
79,Na0-3Mo4P5O24,Na3Mo4P5O24,Mo4P5O24,phosphate_or_NASICON_like,Mo4P5O24,,energy_grav,C_strict_post_DFT,ExtraTrees,293.26110594098515,271.26311224779715,21.997993693187997,,293.26110594098515,,energy_grav,ExtraTrees
80,Na1-2NdPCO7,Na2NdPCO7,NdPCO7,phosphate_or_NASICON_like,NdPCO7,,energy_grav,C_strict_post_DFT,ExtraTrees,325.07457533474275,244.20568991620428,80.86888541853847,,325.07457533474275,,energy_grav,ExtraTrees
81,Na2-3CrSiCO7,Na3CrSiCO7,CrSiCO7,silicate_like,CrSiCO7,,energy_grav,C_strict_post_DFT,ExtraTrees,339.60674682867085,320.77951840916563,18.827228419505214,,339.60674682867085,,energy_grav,ExtraTrees
82,Na0-1MoP2O7,NaMoP2O7,MoP2O7,phosphate_or_NASICON_like,MoP2O7,,energy_grav,C_strict_post_DFT,ExtraTrees,291.4863606886113,298.4461144353264,6.959753746715137,,291.4863606886113,,energy_grav,ExtraTrees
83,Na0-1V(SiO3)2,NaV(SiO3)2,V(SiO3)2,silicate_like,V(SiO3)2,,energy_grav,C_strict_post_DFT,ExtraTrees,359.4177864122965,422.8989373540376,63.481150941741134,,359.4177864122965,,energy_grav,ExtraTrees
84,Na0-1Mo2P3O13,NaMo2P3O13,Mo2P3O13,phosphate_or_NASICON_like,Mo2P3O13,,energy_grav,C_strict_post_DFT,ExtraTrees,203.2357172254482,196.59664048039832,6.639076745049891,,203.2357172254482,,energy_grav,ExtraTrees
85,Na1-3SiSbCO7,Na3SiSbCO7,SiSbCO7,silicate_like,SiSbCO7,,energy_grav,C_strict_post_DFT,ExtraTrees,371.22780656062827,274.05712897328914,97.17067758733911,,371.22780656062827,,energy_grav,ExtraTrees
86,Na1-2V3P2O13,Na2V3P2O13,V3P2O13,phosphate_or_NASICON_like,V3P2O13,,energy_grav,C_strict_post_DFT,ExtraTrees,211.192970376504,296.12169112017483,84.92872074367082,,211.192970376504,,energy_grav,ExtraTrees
87,Na0-1Mo2P3O13,NaMo2P3O13,Mo2P3O13,phosphate_or_NASICON_like,Mo2P3O13,,energy_grav,C_strict_post_DFT,ExtraTrees,201.49210411319945,181.55207184047552,19.94003227272393,,201.49210411319945,,energy_grav,ExtraTrees
88,Na0-0.5VO2,NaV2O4,VO2,transition_metal_oxide_like,VO2,,energy_grav,C_strict_post_DFT,ExtraTrees,353.7134617011121,467.4850484480609,113.7715867469488,,353.7134617011121,,energy_grav,ExtraTrees
89,Na0-0.67V2O5,Na2V6O15,V2O5,transition_metal_oxide_like,V2O5,,energy_grav,C_strict_post_DFT,ExtraTrees,290.98033764997973,287.4874867652589,3.4928508847208377,,290.98033764997973,,energy_grav,ExtraTrees
90,Na0-1Mo2P2O9,NaMo2P2O9,Mo2P2O9,phosphate_or_NASICON_like,Mo2P2O9,,energy_grav,C_strict_post_DFT,ExtraTrees,229.9736156566825,259.09979814382626,29.12618248714375,,229.9736156566825,,energy_grav,ExtraTrees
91,Na0-1V2O5,NaV2O5,V2O5,transition_metal_oxide_like,V2O5,,energy_grav,C_strict_post_DFT,ExtraTrees,354.7281645663604,438.3785976178872,83.65043305152682,,354.7281645663604,,energy_grav,ExtraTrees
92,Na0-0.25CrO2,NaCr4O8,CrO2,transition_metal_oxide_like,CrO2,,energy_grav,C_strict_post_DFT,ExtraTrees,268.589540518665,253.87349179841527,14.716048720249717,,268.589540518665,,energy_grav,ExtraTrees
93,Na4-6Bi2B4SO16,Na6Bi2B4SO16,Bi2B4SO16,sulfate_like,Bi2B4SO16,,energy_grav,C_strict_post_DFT,ExtraTrees,228.5432336105756,197.7710936257489,30.77213998482671,,228.5432336105756,,energy_grav,ExtraTrees
94,Na0-1V(GeO3)2,NaV(GeO3)2,V(GeO3)2,transition_metal_oxide_like,V(GeO3)2,,energy_grav,C_strict_post_DFT,ExtraTrees,268.4154918193356,365.2405314130852,96.82503959374958,,268.4154918193356,,energy_grav,ExtraTrees
95,Na2-6Bi2C4SO16,Na6Bi2C4SO16,Bi2C4SO16,sulfate_like,Bi2C4SO16,,energy_grav,C_strict_post_DFT,ExtraTrees,337.5938486387825,223.34141785301185,114.25243078577068,,337.5938486387825,,energy_grav,ExtraTrees
96,Na2-3SiBiCO7,Na3SiBiCO7,SiBiCO7,silicate_like,SiBiCO7,,energy_grav,C_strict_post_DFT,ExtraTrees,217.23904729437183,227.09522415344617,9.856176859074338,,217.23904729437183,,energy_grav,ExtraTrees
97,Na1-2VCSO7,Na2VCSO7,VCSO7,sulfate_like,VCSO7,,energy_grav,C_strict_post_DFT,ExtraTrees,306.0461451111027,389.6460532519932,83.59990814089048,,306.0461451111027,,energy_grav,ExtraTrees
98,Na4-6Cr2P(CO4)4,Na6Cr2P(CO4)4,Cr2P(CO4)4,phosphate_or_NASICON_like,Cr2P(CO4)4,,energy_grav,C_strict_post_DFT,ExtraTrees,278.6038497387706,291.28896811064595,12.685118371875376,,278.6038497387706,,energy_grav,ExtraTrees
99,Na2-3BiBPO7,Na3BiBPO7,BiBPO7,phosphate_or_NASICON_like,BiBPO7,,energy_grav,C_strict_post_DFT,ExtraTrees,225.83843389154288,213.90435345261372,11.93408043892913,,225.83843389154288,,energy_grav,ExtraTrees
100,Na4-6V2P(CO4)4,Na6V2P(CO4)4,V2P(CO4)4,phosphate_or_NASICON_like,V2P(CO4)4,,energy_grav,C_strict_post_DFT,ExtraTrees,282.9269532414864,309.9456244730139,27.01867123152749,,282.9269532414864,,energy_grav,ExtraTrees
101,Na2-3VBPO7,Na3VBPO7,VBPO7,phosphate_or_NASICON_like,VBPO7,,energy_grav,C_strict_post_DFT,ExtraTrees,290.59876621267875,319.49740210288473,28.89863589020598,,290.59876621267875,,energy_grav,ExtraTrees
102,Na2-3SiBiBO7,Na3SiBiBO7,SiBiBO7,silicate_like,SiBiBO7,,energy_grav,C_strict_post_DFT,ExtraTrees,218.4772261352209,198.2603447442229,20.216881390998022,,218.4772261352209,,energy_grav,ExtraTrees
103,Na1-2CrCSO7,Na2CrCSO7,CrCSO7,sulfate_like,CrCSO7,,energy_grav,C_strict_post_DFT,ExtraTrees,263.3674198298861,488.0134487171164,224.64602888723027,,263.3674198298861,,energy_grav,ExtraTrees
104,Na0-2V6O13,Na2V6O13,V6O13,transition_metal_oxide_like,V6O13,,energy_grav,C_strict_post_DFT,ExtraTrees,243.78389106518983,265.09844175667087,21.31455069148103,,243.78389106518983,,energy_grav,ExtraTrees
105,Na4-6V2C4SO16,Na6V2C4SO16,V2C4SO16,sulfate_like,V2C4SO16,,energy_grav,C_strict_post_DFT,ExtraTrees,214.14553344920347,275.3671688724955,61.221635423292014,,214.14553344920347,,energy_grav,ExtraTrees
106,Na0-1Mo2(PO4)3,NaMo2(PO4)3,Mo2(PO4)3,phosphate_or_NASICON_like,Mo2(PO4)3,,energy_grav,C_strict_post_DFT,ExtraTrees,161.35688063622294,167.50940399129,6.152523355067075,,161.35688063622294,,energy_grav,ExtraTrees
107,Na1-2CePCO7,Na2CePCO7,CePCO7,phosphate_or_NASICON_like,CePCO7,,energy_grav,C_strict_post_DFT,ExtraTrees,200.54564064923645,316.8455310768307,116.29989042759424,,200.54564064923645,,energy_grav,ExtraTrees
108,Na4-6Cr2C4SO16,Na6Cr2C4SO16,Cr2C4SO16,sulfate_like,Cr2C4SO16,,energy_grav,C_strict_post_DFT,ExtraTrees,193.44132587599773,295.4745904027188,102.03326452672104,,193.44132587599773,,energy_grav,ExtraTrees
109,Na0-0.75WO3,Na3(WO3)4,WO3,transition_metal_oxide_like,WO3,,energy_grav,C_strict_post_DFT,ExtraTrees,167.57313652271353,218.10851644995617,50.53537992724264,,167.57313652271353,,energy_grav,ExtraTrees
110,Na4-6Bi2P(CO4)4,Na6Bi2P(CO4)4,Bi2P(CO4)4,phosphate_or_NASICON_like,Bi2P(CO4)4,,energy_grav,C_strict_post_DFT,ExtraTrees,159.35203033806596,191.1145916437964,31.762561305730458,,159.35203033806596,,energy_grav,ExtraTrees
111,Na4-6B4Sb2SO16,Na6B4Sb2SO16,B4Sb2SO16,sulfate_like,B4Sb2SO16,,energy_grav,C_strict_post_DFT,ExtraTrees,154.28238406220797,207.23100920652368,52.94862514431571,,154.28238406220797,,energy_grav,ExtraTrees
112,Na0-2VF5,Na2VF5,VF5,other_or_unclear,VF5,,energy_grav,C_strict_post_DFT,ExtraTrees,1211.680157334393,870.3477987157058,341.3323586186872,,1211.680157334393,,energy_grav,ExtraTrees
113,Na0-3CrF6,Na3CrF6,CrF6,other_or_unclear,CrF6,,energy_grav,C_strict_post_DFT,ExtraTrees,1754.564688652564,1074.7677262092618,679.7969624433022,,1754.564688652564,,energy_grav,ExtraTrees
114,Na0-1MnF3,NaMnF3,MnF3,other_or_unclear,MnF3,,energy_grav,C_strict_post_DFT,ExtraTrees,752.4129294850634,546.8397734594217,205.57315602564165,,752.4129294850634,,energy_grav,ExtraTrees
115,Na0-1VF4,NaVF4,VF4,other_or_unclear,VF4,,energy_grav,C_strict_post_DFT,ExtraTrees,747.09076869702,684.9368079136466,62.15396078337346,,747.09076869702,,energy_grav,ExtraTrees
116,Na0-2LiMnF6,Na2LiMnF6,LiMnF6,other_or_unclear,LiMnF6,,energy_grav,C_strict_post_DFT,ExtraTrees,1191.4345317426462,874.8074986427837,316.6270330998625,,1191.4345317426462,,energy_grav,ExtraTrees
117,Na0-2CoP2O7,Na2CoP2O7,CoP2O7,phosphate_or_NASICON_like,CoP2O7,,energy_grav,C_strict_post_DFT,ExtraTrees,844.3856439899428,719.7970434852216,124.58860050472116,,844.3856439899428,,energy_grav,ExtraTrees
118,Na0-3Fe2(PO4)3,Na3Fe2(PO4)3,Fe2(PO4)3,phosphate_or_NASICON_like,Fe2(PO4)3,,energy_grav,C_strict_post_DFT,ExtraTrees,745.2758766679018,533.0731233549592,212.2027533129426,,745.2758766679018,,energy_grav,ExtraTrees
119,Na1-3CoPCO7,Na3CoPCO7,CoPCO7,phosphate_or_NASICON_like,CoPCO7,,energy_grav,C_strict_post_DFT,ExtraTrees,743.4392835880998,578.1892608494134,165.25002273868645,,743.4392835880998,,energy_grav,ExtraTrees
120,Na0-7Cr4P9O32,Na7Cr4P9O32,Cr4P9O32,phosphate_or_NASICON_like,Cr4P9O32,,energy_grav,C_strict_post_DFT,ExtraTrees,782.4513476587636,678.568911026115,103.8824366326486,,782.4513476587636,,energy_grav,ExtraTrees
121,Na0-2NiH12(SO7)2,Na2NiH12(SO7)2,NiH12(SO7)2,sulfate_like,NiH12(SO7)2,,energy_grav,C_strict_post_DFT,ExtraTrees,604.6920621330703,563.671245526502,41.020816606568246,,604.6920621330703,,energy_grav,ExtraTrees
122,Na0-1CoPO4,NaCoPO4,CoPO4,phosphate_or_NASICON_like,CoPO4,,energy_grav,C_strict_post_DFT,ExtraTrees,600.1297001296034,512.4299328242255,87.69976730537792,,600.1297001296034,,energy_grav,ExtraTrees
123,Na0-2CoH8(SO6)2,Na2CoH8(SO6)2,CoH8(SO6)2,sulfate_like,CoH8(SO6)2,,energy_grav,C_strict_post_DFT,ExtraTrees,725.7235999035813,418.7647710650416,306.9588288385397,,725.7235999035813,,energy_grav,ExtraTrees
124,Na0-7Fe4P9O32,Na7Fe4P9O32,Fe4P9O32,phosphate_or_NASICON_like,Fe4P9O32,,energy_grav,C_strict_post_DFT,ExtraTrees,802.14717717116,607.9942704953746,194.1529066757854,,802.14717717116,,energy_grav,ExtraTrees
125,Na0-1K2CrF6,K2NaCrF6,K2CrF6,other_or_unclear,K2CrF6,,energy_grav,C_strict_post_DFT,ExtraTrees,527.3071434157546,412.0268056301352,115.2803377856194,,527.3071434157546,,energy_grav,ExtraTrees
126,Na0-2Mn(PO3)5,Na2Mn(PO3)5,Mn(PO3)5,phosphate_or_NASICON_like,Mn(PO3)5,,energy_grav,C_strict_post_DFT,ExtraTrees,596.6816812716211,449.2806585624137,147.40102270920738,,596.6816812716211,,energy_grav,ExtraTrees
127,Na0-3Fe3(PO4)4,Na3Fe3(PO4)4,Fe3(PO4)4,phosphate_or_NASICON_like,Fe3(PO4)4,,energy_grav,C_strict_post_DFT,ExtraTrees,649.0847400922635,531.2606572095185,117.82408288274496,,649.0847400922635,,energy_grav,ExtraTrees
128,Na0-1CoO2,NaCoO2,CoO2,transition_metal_oxide_like,CoO2,,energy_grav,C_strict_post_DFT,ExtraTrees,719.0369104120325,732.0034296681921,12.966519256159586,,719.0369104120325,,energy_grav,ExtraTrees
129,Na0-1CrP2O7,NaCrP2O7,CrP2O7,phosphate_or_NASICON_like,CrP2O7,,energy_grav,C_strict_post_DFT,ExtraTrees,497.720321643916,434.2021926932151,63.51812895070088,,497.720321643916,,energy_grav,ExtraTrees
130,Na0-1NiPO4,NaNiPO4,NiPO4,phosphate_or_NASICON_like,NiPO4,,energy_grav,C_strict_post_DFT,ExtraTrees,663.8309160163777,537.8996848302031,125.9312311861746,,663.8309160163777,,energy_grav,ExtraTrees
131,Na1.5-3NiPCO7,Na3NiPCO7,NiPCO7,phosphate_or_NASICON_like,NiPCO7,,energy_grav,C_strict_post_DFT,ExtraTrees,577.2799587359716,432.1348482369462,145.1451104990254,,577.2799587359716,,energy_grav,ExtraTrees
132,Na0-1FeP2O7,NaFeP2O7,FeP2O7,phosphate_or_NASICON_like,FeP2O7,,energy_grav,C_strict_post_DFT,ExtraTrees,525.6458103060482,473.3087628241905,52.33704748185773,,525.6458103060482,,energy_grav,ExtraTrees
133,Na0-1CoO2,NaCoO2,CoO2,transition_metal_oxide_like,CoO2,,energy_grav,C_strict_post_DFT,ExtraTrees,707.86635452427,672.6660274766324,35.20032704763764,,707.86635452427,,energy_grav,ExtraTrees
134,Na0-1CoPO4,NaCoPO4,CoPO4,phosphate_or_NASICON_like,CoPO4,,energy_grav,C_strict_post_DFT,ExtraTrees,649.2804233524224,550.5018057155858,98.77861763683666,,649.2804233524224,,energy_grav,ExtraTrees
135,Na0-1CuO2,NaCuO2,CuO2,transition_metal_oxide_like,CuO2,,energy_grav,C_strict_post_DFT,ExtraTrees,941.0170128374956,664.2609884589593,276.75602437853627,,941.0170128374956,,energy_grav,ExtraTrees
136,Na0-1NiPO4,NaNiPO4,NiPO4,phosphate_or_NASICON_like,NiPO4,,energy_grav,C_strict_post_DFT,ExtraTrees,670.6567489393112,525.1229956557942,145.53375328351706,,670.6567489393112,,energy_grav,ExtraTrees
137,Na0-1K2CoF6,K2NaCoF6,K2CoF6,other_or_unclear,K2CoF6,,energy_grav,C_strict_post_DFT,ExtraTrees,502.2979105842826,458.7686836290063,43.52922695527633,,502.2979105842826,,energy_grav,ExtraTrees
138,Na0-4Co3P4O15,Na4Co3P4O15,Co3P4O15,phosphate_or_NASICON_like,Co3P4O15,,energy_grav,C_strict_post_DFT,ExtraTrees,802.9218172032279,568.0397847696531,234.88203243357475,,802.9218172032279,,energy_grav,ExtraTrees
139,Na0-1CoPO4,NaCoPO4,CoPO4,phosphate_or_NASICON_like,CoPO4,,energy_grav,C_strict_post_DFT,ExtraTrees,675.1435070438318,575.2431177478915,99.9003892959404,,675.1435070438318,,energy_grav,ExtraTrees
140,Na0-1CoPO4,NaCoPO4,CoPO4,phosphate_or_NASICON_like,CoPO4,,energy_grav,C_strict_post_DFT,ExtraTrees,570.0604654297514,586.885027385946,16.824561956194657,,570.0604654297514,,energy_grav,ExtraTrees
141,Na1-3MnAsCO7,Na3MnAsCO7,MnAsCO7,transition_metal_oxide_like,MnAsCO7,,energy_grav,C_strict_post_DFT,ExtraTrees,562.9262727723682,554.5736665271298,8.352606245238348,,562.9262727723682,,energy_grav,ExtraTrees
142,Na1-3CoAsCO7,Na3CoAsCO7,CoAsCO7,transition_metal_oxide_like,CoAsCO7,,energy_grav,C_strict_post_DFT,ExtraTrees,617.0687718811425,550.2764784178463,66.79229346329623,,617.0687718811425,,energy_grav,ExtraTrees
143,Na0-1K2NiF6,K2NaNiF6,K2NiF6,other_or_unclear,K2NiF6,,energy_grav,C_strict_post_DFT,ExtraTrees,457.6265610970452,471.0182872368536,13.391726139808384,,457.6265610970452,,energy_grav,ExtraTrees
144,Na0-4Ni5(P3O11)2,Na4Ni5(P3O11)2,Ni5(P3O11)2,phosphate_or_NASICON_like,Ni5(P3O11)2,,energy_grav,C_strict_post_DFT,ExtraTrees,549.6000346289286,498.0039181562894,51.59611647263921,,549.6000346289286,,energy_grav,ExtraTrees
145,Na1-3MoF6,Na3MoF6,MoF6,other_or_unclear,MoF6,,energy_grav,C_strict_post_DFT,ExtraTrees,588.6207584533723,375.9674466167665,212.65331183660584,,588.6207584533723,,energy_grav,ExtraTrees
146,Na0-4Ni3P4O15,Na4Ni3P4O15,Ni3P4O15,phosphate_or_NASICON_like,Ni3P4O15,,energy_grav,C_strict_post_DFT,ExtraTrees,902.6133943138542,555.7051471728603,346.9082471409939,,902.6133943138542,,energy_grav,ExtraTrees
147,Na1-3FeAsCO7,Na3FeAsCO7,FeAsCO7,transition_metal_oxide_like,FeAsCO7,,energy_grav,C_strict_post_DFT,ExtraTrees,574.4725143710837,572.9954788555931,1.47703551549057,,574.4725143710837,,energy_grav,ExtraTrees
148,Na0-1CrO3,NaCrO3,CrO3,transition_metal_oxide_like,CrO3,,energy_grav,C_strict_post_DFT,ExtraTrees,858.4909745806798,706.0031160127073,152.48785856797247,,858.4909745806798,,energy_grav,ExtraTrees
149,Na0-1MnP2O7,NaMnP2O7,MnP2O7,phosphate_or_NASICON_like,MnP2O7,,energy_grav,C_strict_post_DFT,ExtraTrees,531.4040718700804,474.12389954525,57.2801723248304,,531.4040718700804,,energy_grav,ExtraTrees
150,Na0-1CoPO4,NaCoPO4,CoPO4,phosphate_or_NASICON_like,CoPO4,,energy_grav,C_strict_post_DFT,ExtraTrees,587.4787229410055,547.9859084949826,39.49281444602286,,587.4787229410055,,energy_grav,ExtraTrees
151,Na0-1NbO3,NaNbO3,NbO3,other_or_unclear,NbO3,,energy_grav,C_strict_post_DFT,ExtraTrees,683.9132367471158,506.0527894209381,177.8604473261777,,683.9132367471158,,energy_grav,ExtraTrees
152,Na0-1FeO2,NaFeO2,FeO2,transition_metal_oxide_like,FeO2,,energy_grav,C_strict_post_DFT,ExtraTrees,910.3732174993642,662.0374714598632,248.3357460395009,,910.3732174993642,,energy_grav,ExtraTrees
153,Na0-1Cu(PO3)3,NaCu(PO3)3,Cu(PO3)3,phosphate_or_NASICON_like,Cu(PO3)3,,energy_grav,C_strict_post_DFT,ExtraTrees,392.0649194143015,323.57462576501695,68.49029364928458,,392.0649194143015,,energy_grav,ExtraTrees
154,Na0-1Fe(SiO3)2,NaFe(SiO3)2,Fe(SiO3)2,silicate_like,Fe(SiO3)2,,energy_grav,C_strict_post_DFT,ExtraTrees,545.6177297904826,514.1181268844881,31.499602905994493,,545.6177297904826,,energy_grav,ExtraTrees
155,Na0-0.5FeO2,Na(FeO2)2,FeO2,transition_metal_oxide_like,FeO2,,energy_grav,C_strict_post_DFT,ExtraTrees,684.5516075264476,589.2997422677419,95.25186525870572,,684.5516075264476,,energy_grav,ExtraTrees
156,Na0-3ClO,Na3ClO,ClO,other_or_unclear,ClO,,energy_grav,C_strict_post_DFT,ExtraTrees,2475.5462870272017,677.1216153575498,1798.424671669652,,2475.5462870272017,,energy_grav,ExtraTrees
157,Na0-0.5CrO2,NaCr2O4,CrO2,transition_metal_oxide_like,CrO2,,energy_grav,C_strict_post_DFT,ExtraTrees,1053.3119099428598,523.6412903719578,529.670619570902,,1053.3119099428598,,energy_grav,ExtraTrees
158,Na0-1SbO3,NaSbO3,SbO3,other_or_unclear,SbO3,,energy_grav,C_strict_post_DFT,ExtraTrees,653.7502796156315,363.4887681887036,290.2615114269279,,653.7502796156315,,energy_grav,ExtraTrees
159,Na0-1Rb2CuF6,Rb2NaCuF6,Rb2CuF6,other_or_unclear,Rb2CuF6,,energy_grav,C_strict_post_DFT,ExtraTrees,380.1802638188649,334.5074176440517,45.67284617481317,,380.1802638188649,,energy_grav,ExtraTrees
160,Na0-1SbO3,NaSbO3,SbO3,other_or_unclear,SbO3,,energy_grav,C_strict_post_DFT,ExtraTrees,669.8871385795273,365.509713878757,304.37742470077035,,669.8871385795273,,energy_grav,ExtraTrees
161,Na0-1CuO2,NaCuO2,CuO2,transition_metal_oxide_like,CuO2,,energy_grav,C_strict_post_DFT,ExtraTrees,753.6485373383385,623.9498278836933,129.69870945464527,,753.6485373383385,,energy_grav,ExtraTrees
162,Na0-3Li3Mn2P2(CO7)2,Na3Li3Mn2P2(CO7)2,Li3Mn2P2(CO7)2,phosphate_or_NASICON_like,Li3Mn2P2(CO7)2,,energy_grav,C_strict_post_DFT,ExtraTrees,529.6435517469774,511.1374194137561,18.50613233322133,,529.6435517469774,,energy_grav,ExtraTrees
163,Na0-1NiO2,NaNiO2,NiO2,transition_metal_oxide_like,NiO2,,energy_grav,C_strict_post_DFT,ExtraTrees,777.7169596428074,665.6021707804531,112.11478886235432,,777.7169596428074,,energy_grav,ExtraTrees
164,Na0-1FeO2,NaFeO2,FeO2,transition_metal_oxide_like,FeO2,,energy_grav,C_strict_post_DFT,ExtraTrees,862.4583734886667,666.636038684038,195.82233480462867,,862.4583734886667,,energy_grav,ExtraTrees
165,Na0-1Cu(PO3)3,NaCu(PO3)3,Cu(PO3)3,phosphate_or_NASICON_like,Cu(PO3)3,,energy_grav,C_strict_post_DFT,ExtraTrees,427.426271077457,375.49762553450313,51.92864554295386,,427.426271077457,,energy_grav,ExtraTrees
166,Na0-1FeP2O7,NaFeP2O7,FeP2O7,phosphate_or_NASICON_like,FeP2O7,,energy_grav,C_strict_post_DFT,ExtraTrees,653.8537559389105,516.4808990311491,137.3728569077614,,653.8537559389105,,energy_grav,ExtraTrees
167,Na0-1Cr3O8,NaCr3O8,Cr3O8,transition_metal_oxide_like,Cr3O8,,energy_grav,C_strict_post_DFT,ExtraTrees,411.97860621305375,318.9203892631384,93.05821694991532,,411.97860621305375,,energy_grav,ExtraTrees
168,Na0-3Li3Mn2P2(CO7)2,Na3Li3Mn2P2(CO7)2,Li3Mn2P2(CO7)2,phosphate_or_NASICON_like,Li3Mn2P2(CO7)2,,energy_grav,C_strict_post_DFT,ExtraTrees,523.5264803033131,477.98547020790267,45.5410100954104,,523.5264803033131,,energy_grav,ExtraTrees
169,Na0-1CrO2,NaCrO2,CrO2,transition_metal_oxide_like,CrO2,,energy_grav,C_strict_post_DFT,ExtraTrees,865.0404564775876,728.8203873724358,136.22006910515177,,865.0404564775876,,energy_grav,ExtraTrees
170,Na0-1V(NF3)2,NaV(NF3)2,V(NF3)2,other_or_unclear,V(NF3)2,,energy_grav,C_strict_post_DFT,ExtraTrees,793.0856103069262,758.3642924804913,34.72131782643498,,793.0856103069262,,energy_grav,ExtraTrees
171,Na0-1Rb2CrF6,Rb2NaCrF6,Rb2CrF6,other_or_unclear,Rb2CrF6,,energy_grav,C_strict_post_DFT,ExtraTrees,334.978426653874,314.0297843808301,20.9486422730439,,334.978426653874,,energy_grav,ExtraTrees
172,Na0-9Mn15O32,Na9Mn15O32,Mn15O32,transition_metal_oxide_like,Mn15O32,,energy_grav,C_strict_post_DFT,ExtraTrees,557.0283850141863,515.6978105390007,41.33057447518559,,557.0283850141863,,energy_grav,ExtraTrees
173,Na0-1LiMnPCO7,NaLiMnPCO7,LiMnPCO7,phosphate_or_NASICON_like,LiMnPCO7,,energy_grav,C_strict_post_DFT,ExtraTrees,442.599617268682,410.9250337153232,31.674583553358787,,442.599617268682,,energy_grav,ExtraTrees
174,Na0-1NiO2,NaNiO2,NiO2,transition_metal_oxide_like,NiO2,,energy_grav,C_strict_post_DFT,ExtraTrees,781.555391353647,634.6718041255566,146.8835872280904,,781.555391353647,,energy_grav,ExtraTrees
175,Na0-1Cr(SiO3)2,NaCr(SiO3)2,Cr(SiO3)2,silicate_like,Cr(SiO3)2,,energy_grav,C_strict_post_DFT,ExtraTrees,495.0164771915573,473.8256192732952,21.19085791826211,,495.0164771915573,,energy_grav,ExtraTrees
176,Na0-2Ni3(P2O7)2,Na2Ni3(P2O7)2,Ni3(P2O7)2,phosphate_or_NASICON_like,Ni3(P2O7)2,,energy_grav,C_strict_post_DFT,ExtraTrees,432.48569583011306,447.2734919419793,14.787796111866214,,432.48569583011306,,energy_grav,ExtraTrees
177,Na0-3Li3Fe2P2(CO7)2,Na3Li3Fe2P2(CO7)2,Li3Fe2P2(CO7)2,phosphate_or_NASICON_like,Li3Fe2P2(CO7)2,,energy_grav,C_strict_post_DFT,ExtraTrees,518.5023919955111,504.7690102355393,13.733381759971737,,518.5023919955111,,energy_grav,ExtraTrees
178,Na0-1MnO2,NaMnO2,MnO2,transition_metal_oxide_like,MnO2,,energy_grav,C_strict_post_DFT,ExtraTrees,769.6396467923759,737.181787576108,32.45785921626782,,769.6396467923759,,energy_grav,ExtraTrees
179,Na0-4Ni7(PO4)6,Na4Ni7(PO4)6,Ni7(PO4)6,phosphate_or_NASICON_like,Ni7(PO4)6,,energy_grav,C_strict_post_DFT,ExtraTrees,437.5265845530007,349.9756087621694,87.55097579083133,,437.5265845530007,,energy_grav,ExtraTrees
180,Na0-1K2MnF6,K2NaMnF6,K2MnF6,other_or_unclear,K2MnF6,,energy_grav,C_strict_post_DFT,ExtraTrees,382.5052274043613,507.9218760267183,125.416648622357,,382.5052274043613,,energy_grav,ExtraTrees
181,Na0-1Rb2CoF6,Rb2NaCoF6,Rb2CoF6,other_or_unclear,Rb2CoF6,,energy_grav,C_strict_post_DFT,ExtraTrees,358.72638945983164,348.32118768544586,10.405201774385771,,358.72638945983164,,energy_grav,ExtraTrees
182,Na0-2LiVF6,Na2LiVF6,LiVF6,other_or_unclear,LiVF6,,energy_grav,C_strict_post_DFT,ExtraTrees,790.931057439847,741.611774305446,49.31928313440096,,790.931057439847,,energy_grav,ExtraTrees
183,Na0-1Ni(PO3)3,NaNi(PO3)3,Ni(PO3)3,phosphate_or_NASICON_like,Ni(PO3)3,,energy_grav,C_strict_post_DFT,ExtraTrees,444.6633072593836,429.6882149799964,14.97509227938724,,444.6633072593836,,energy_grav,ExtraTrees
184,Na0-1Mn2P2O9,NaMn2P2O9,Mn2P2O9,phosphate_or_NASICON_like,Mn2P2O9,,energy_grav,C_strict_post_DFT,ExtraTrees,369.4514001278579,400.0072655009577,30.555865373099834,,369.4514001278579,,energy_grav,ExtraTrees
185,Na0-2LiFe(Si2O5)3,Na2LiFe(Si2O5)3,LiFe(Si2O5)3,silicate_like,LiFe(Si2O5)3,,energy_grav,C_strict_post_DFT,ExtraTrees,473.5723518695231,444.7676513930682,28.80470047645491,,473.5723518695231,,energy_grav,ExtraTrees
186,Na1-2Cu(PO3)4,Na2Cu(PO3)4,Cu(PO3)4,phosphate_or_NASICON_like,Cu(PO3)4,,energy_grav,C_strict_post_DFT,ExtraTrees,304.8319781831272,371.8960356581602,67.064057475033,,304.8319781831272,,energy_grav,ExtraTrees
187,Na0-1Rb2NiF6,Rb2NaNiF6,Rb2NiF6,other_or_unclear,Rb2NiF6,,energy_grav,C_strict_post_DFT,ExtraTrees,334.685426938323,334.8424236461621,0.1569967078390846,,334.685426938323,,energy_grav,ExtraTrees
188,Na0.5-1C,NaC,C,carbon_or_organic_like,C,,energy_grav,C_strict_post_DFT,ExtraTrees,1244.631035078626,850.0278364915252,394.6031985871007,,1244.631035078626,,energy_grav,ExtraTrees
189,Na0-1Cr2P2O9,NaCr2P2O9,Cr2P2O9,phosphate_or_NASICON_like,Cr2P2O9,,energy_grav,C_strict_post_DFT,ExtraTrees,410.291328219366,371.6851063234941,38.606221895871954,,410.291328219366,,energy_grav,ExtraTrees
190,Na1-2NiCSO7,Na2NiCSO7,NiCSO7,sulfate_like,NiCSO7,,energy_grav,C_strict_post_DFT,ExtraTrees,423.6808399614274,374.0328628366847,49.64797712474274,,423.6808399614274,,energy_grav,ExtraTrees
191,Na0-1CoO2,NaCoO2,CoO2,transition_metal_oxide_like,CoO2,,energy_grav,C_strict_post_DFT,ExtraTrees,626.3326545305126,686.393712334156,60.06105780364339,,626.3326545305126,,energy_grav,ExtraTrees
192,Na1.5-2.5NiPCO7,Na5Ni2P2(CO7)2,NiPCO7,phosphate_or_NASICON_like,NiPCO7,,energy_grav,C_strict_post_DFT,ExtraTrees,406.5308733073724,363.0287975348383,43.50207577253417,,406.5308733073724,,energy_grav,ExtraTrees
193,Na4-6Ni2C4SO16,Na6Ni2C4SO16,Ni2C4SO16,sulfate_like,Ni2C4SO16,,energy_grav,C_strict_post_DFT,ExtraTrees,389.7142015406423,379.45905562475326,10.255145915889043,,389.7142015406423,,energy_grav,ExtraTrees
194,Na1-2CrAsCO7,Na2CrAsCO7,CrAsCO7,transition_metal_oxide_like,CrAsCO7,,energy_grav,C_strict_post_DFT,ExtraTrees,396.0536961999752,401.8910749435629,5.837378743587692,,396.0536961999752,,energy_grav,ExtraTrees
195,Na0-0.5CrO2,NaCr2O4,CrO2,transition_metal_oxide_like,CrO2,,energy_grav,C_strict_post_DFT,ExtraTrees,543.9557758487077,516.9251794030682,27.030596445639503,,543.9557758487077,,energy_grav,ExtraTrees
196,Na3-5Bi(P2O7)2,Na5Bi(P2O7)2,Bi(P2O7)2,phosphate_or_NASICON_like,Bi(P2O7)2,,energy_grav,C_strict_post_DFT,ExtraTrees,372.3506695681247,245.84452316614136,126.50614640198332,,372.3506695681247,,energy_grav,ExtraTrees
197,Na0-1CoO2,NaCoO2,CoO2,transition_metal_oxide_like,CoO2,,energy_grav,C_strict_post_DFT,ExtraTrees,613.1515787467201,717.6420415927712,104.49046284605106,,613.1515787467201,,energy_grav,ExtraTrees
198,Na0-1CuO,NaCuO,CuO,transition_metal_oxide_like,CuO,,energy_grav,C_strict_post_DFT,ExtraTrees,781.7074051301281,735.9892265303461,45.71817859978205,,781.7074051301281,,energy_grav,ExtraTrees
199,Na0-1Fe(GeO3)2,NaFe(GeO3)2,Fe(GeO3)2,transition_metal_oxide_like,Fe(GeO3)2,,energy_grav,C_strict_post_DFT,ExtraTrees,406.5829619869992,394.9767508512127,11.606211135786452,,406.5829619869992,,energy_grav,ExtraTrees
200,Na0-2Ti3Cr(PO4)6,Na2Ti3Cr(PO4)6,Ti3Cr(PO4)6,phosphate_or_NASICON_like,Ti3Cr(PO4)6,,energy_grav,C_strict_post_DFT,ExtraTrees,330.8614921943509,266.5988425176791,64.2626496766718,,330.8614921943509,,energy_grav,ExtraTrees
201,Na4-6Ni2P(CO4)4,Na6Ni2P(CO4)4,Ni2P(CO4)4,phosphate_or_NASICON_like,Ni2P(CO4)4,,energy_grav,C_strict_post_DFT,ExtraTrees,391.09965528782095,379.49179529218816,11.607859995632792,,391.09965528782095,,energy_grav,ExtraTrees
202,Na4-6Co2C4SO16,Na6Co2C4SO16,Co2C4SO16,sulfate_like,Co2C4SO16,,energy_grav,C_strict_post_DFT,ExtraTrees,380.6736867080964,363.0584589483692,17.615227759727247,,380.6736867080964,,energy_grav,ExtraTrees
203,Na0-1Mn(SiO3)2,NaMn(SiO3)2,Mn(SiO3)2,silicate_like,Mn(SiO3)2,,energy_grav,C_strict_post_DFT,ExtraTrees,445.0588436946522,476.6405522709766,31.581708576324445,,445.0588436946522,,energy_grav,ExtraTrees
204,Na0-1VF3,NaVF3,VF3,other_or_unclear,VF3,,energy_grav,C_strict_post_DFT,ExtraTrees,435.6753137983518,783.9812934301499,348.3059796317981,,435.6753137983518,,energy_grav,ExtraTrees
205,Na1-2CoCSO7,Na2CoCSO7,CoCSO7,sulfate_like,CoCSO7,,energy_grav,C_strict_post_DFT,ExtraTrees,393.6080383367873,457.7062614102416,64.09822307345428,,393.6080383367873,,energy_grav,ExtraTrees
206,Na0-1MnAsO4,NaMnAsO4,MnAsO4,transition_metal_oxide_like,MnAsO4,,energy_grav,C_strict_post_DFT,ExtraTrees,421.74000709362446,470.12199312731855,48.38198603369409,,421.74000709362446,,energy_grav,ExtraTrees
207,Na0-1Rb2VF6,Rb2NaVF6,Rb2VF6,other_or_unclear,Rb2VF6,,energy_grav,C_strict_post_DFT,ExtraTrees,299.17304969413254,333.8533759621347,34.68032626800215,,299.17304969413254,,energy_grav,ExtraTrees
208,Na0-1CrS2,NaCrS2,CrS2,other_or_unclear,CrS2,,energy_grav,C_strict_post_DFT,ExtraTrees,415.97318906226354,313.3144442455871,102.65874481667646,,415.97318906226354,,energy_grav,ExtraTrees
209,Na1.5-2.5NiPCO7,Na5Ni2P2(CO7)2,NiPCO7,phosphate_or_NASICON_like,NiPCO7,,energy_grav,C_strict_post_DFT,ExtraTrees,381.9952974720634,347.6316583956099,34.36363907645347,,381.9952974720634,,energy_grav,ExtraTrees
210,Na1-3BiF6,Na3BiF6,BiF6,other_or_unclear,BiF6,,energy_grav,C_strict_post_DFT,ExtraTrees,501.5357396038108,369.2783499756461,132.25738962816473,,501.5357396038108,,energy_grav,ExtraTrees
211,Na0-1Ni2P3O10,NaNi2P3O10,Ni2P3O10,phosphate_or_NASICON_like,Ni2P3O10,,energy_grav,C_strict_post_DFT,ExtraTrees,325.34904365475245,322.40607315423773,2.9429705005147184,,325.34904365475245,,energy_grav,ExtraTrees
212,Na4-6Co2P(CO4)4,Na6Co2P(CO4)4,Co2P(CO4)4,phosphate_or_NASICON_like,Co2P(CO4)4,,energy_grav,C_strict_post_DFT,ExtraTrees,383.2754278028141,367.7447642439859,15.530663558828168,,383.2754278028141,,energy_grav,ExtraTrees
213,Na0-0.5CrO2,NaCr2O4,CrO2,transition_metal_oxide_like,CrO2,,energy_grav,C_strict_post_DFT,ExtraTrees,528.495166315048,467.36022375156097,61.134942563487016,,528.495166315048,,energy_grav,ExtraTrees
214,Na0-0.5FeO2,Na(FeO2)2,FeO2,transition_metal_oxide_like,FeO2,,energy_grav,C_strict_post_DFT,ExtraTrees,518.2844610078853,471.2033595459519,47.08110146193337,,518.2844610078853,,energy_grav,ExtraTrees
215,Na0-1Mn3P3O13,NaMn3P3O13,Mn3P3O13,phosphate_or_NASICON_like,Mn3P3O13,,energy_grav,C_strict_post_DFT,ExtraTrees,259.88135967367504,232.2066512641533,27.674708409521717,,259.88135967367504,,energy_grav,ExtraTrees
216,Na0-1Co2P3O10,NaCo2P3O10,Co2P3O10,phosphate_or_NASICON_like,Co2P3O10,,energy_grav,C_strict_post_DFT,ExtraTrees,292.86698552901146,383.12615959270414,90.25917406369268,,292.86698552901146,,energy_grav,ExtraTrees
217,Na0-1VO2,NaVO2,VO2,transition_metal_oxide_like,VO2,,energy_grav,C_strict_post_DFT,ExtraTrees,596.1285301408544,766.5563292629905,170.4277991221361,,596.1285301408544,,energy_grav,ExtraTrees
218,Na0-0.5NiO2,Na(NiO2)2,NiO2,transition_metal_oxide_like,NiO2,,energy_grav,C_strict_post_DFT,ExtraTrees,528.7685919803466,489.1273793799004,39.64121260044624,,528.7685919803466,,energy_grav,ExtraTrees
219,Na0-2NiO2,Na2NiO2,NiO2,transition_metal_oxide_like,NiO2,,energy_grav,C_strict_post_DFT,ExtraTrees,1133.8973028168634,730.4072310807487,403.4900717361147,,1133.8973028168634,,energy_grav,ExtraTrees
220,Na0-1Rb2MnF6,Rb2NaMnF6,Rb2MnF6,other_or_unclear,Rb2MnF6,,energy_grav,C_strict_post_DFT,ExtraTrees,278.1648318788969,327.48987254235,49.325040663453024,,278.1648318788969,,energy_grav,ExtraTrees
221,Na0-1Bi(PO3)4,NaBi(PO3)4,Bi(PO3)4,phosphate_or_NASICON_like,Bi(PO3)4,,energy_grav,C_strict_post_DFT,ExtraTrees,262.01299432168435,172.50112087971013,89.51187344197422,,262.01299432168435,,energy_grav,ExtraTrees
222,Na0-2MgMn4O8,Na2MgMn4O8,MgMn4O8,transition_metal_oxide_like,MgMn4O8,,energy_grav,C_strict_post_DFT,ExtraTrees,490.7808771950711,485.818870319134,4.9620068759371065,,490.7808771950711,,energy_grav,ExtraTrees
223,Na0-1V3P3O13,NaV3P3O13,V3P3O13,phosphate_or_NASICON_like,V3P3O13,,energy_grav,C_strict_post_DFT,ExtraTrees,275.04368905926657,240.52915504092863,34.51453401833794,,275.04368905926657,,energy_grav,ExtraTrees
224,Na0-0.5MnO2,NaMn2O4,MnO2,transition_metal_oxide_like,MnO2,,energy_grav,C_strict_post_DFT,ExtraTrees,496.1492324834584,510.5353277024048,14.386095218946366,,496.1492324834584,,energy_grav,ExtraTrees
225,Na0-1TiS2,NaTiS2,TiS2,other_or_unclear,TiS2,,energy_grav,C_strict_post_DFT,ExtraTrees,305.2643164168524,285.7972041166481,19.46711230020429,,305.2643164168524,,energy_grav,ExtraTrees
226,Na0-1Fe3P3O13,NaFe3P3O13,Fe3P3O13,phosphate_or_NASICON_like,Fe3P3O13,,energy_grav,C_strict_post_DFT,ExtraTrees,280.1343746770556,269.1669021628289,10.9674725142267,,280.1343746770556,,energy_grav,ExtraTrees
227,Na0-1TiS2,NaTiS2,TiS2,other_or_unclear,TiS2,,energy_grav,C_strict_post_DFT,ExtraTrees,298.49783177667734,285.15555486264407,13.342276914033278,,298.49783177667734,,energy_grav,ExtraTrees
228,Na2-3NiAsCO7,Na3NiAsCO7,NiAsCO7,transition_metal_oxide_like,NiAsCO7,,energy_grav,C_strict_post_DFT,ExtraTrees,316.4960427723569,299.60463872349465,16.891404048862228,,316.4960427723569,,energy_grav,ExtraTrees
229,Na0-1Cs2NiF6,Cs2NaNiF6,Cs2NiF6,other_or_unclear,Cs2NiF6,,energy_grav,C_strict_post_DFT,ExtraTrees,245.5383453436632,192.9377677639321,52.600577579731095,,245.5383453436632,,energy_grav,ExtraTrees
230,Na0-1Ni4(PO4)3,NaNi4(PO4)3,Ni4(PO4)3,phosphate_or_NASICON_like,Ni4(PO4)3,,energy_grav,C_strict_post_DFT,ExtraTrees,225.5076115040609,227.02207560980244,1.5144641057415529,,225.5076115040609,,energy_grav,ExtraTrees
231,Na1-3VAsCO7,Na3VAsCO7,VAsCO7,transition_metal_oxide_like,VAsCO7,,energy_grav,C_strict_post_DFT,ExtraTrees,410.7798182175028,487.1168846943063,76.3370664768035,,410.7798182175028,,energy_grav,ExtraTrees
232,Na0-1VS2,NaVS2,VS2,other_or_unclear,VS2,,energy_grav,C_strict_post_DFT,ExtraTrees,294.56378607850576,347.7701399030586,53.20635382455282,,294.56378607850576,,energy_grav,ExtraTrees
233,Na0-1PrTi2O6,NaPrTi2O6,PrTi2O6,transition_metal_oxide_like,PrTi2O6,,energy_grav,C_strict_post_DFT,ExtraTrees,316.8703893922029,274.971701709608,41.898687682594925,,316.8703893922029,,energy_grav,ExtraTrees
234,Na4-6Mn2As(CO4)4,Na6Mn2As(CO4)4,Mn2As(CO4)4,transition_metal_oxide_like,Mn2As(CO4)4,,energy_grav,C_strict_post_DFT,ExtraTrees,336.4445936207129,283.99136978769434,52.45322383301857,,336.4445936207129,,energy_grav,ExtraTrees
235,Na1-2SbPCO7,Na2SbPCO7,SbPCO7,phosphate_or_NASICON_like,SbPCO7,,energy_grav,C_strict_post_DFT,ExtraTrees,322.7496569867144,313.2452572849146,9.504399701799798,,322.7496569867144,,energy_grav,ExtraTrees
236,Na0-0.6VO2,Na3V5O10,VO2,transition_metal_oxide_like,VO2,,energy_grav,C_strict_post_DFT,ExtraTrees,469.2377415913508,523.0658581370291,53.828116545678256,,469.2377415913508,,energy_grav,ExtraTrees
237,Na0-1VS2,NaVS2,VS2,other_or_unclear,VS2,,energy_grav,C_strict_post_DFT,ExtraTrees,288.1993120447844,372.6453884256334,84.44607638084904,,288.1993120447844,,energy_grav,ExtraTrees
238,Na1-4V3O8,Na4V3O8,V3O8,transition_metal_oxide_like,V3O8,,energy_grav,C_strict_post_DFT,ExtraTrees,424.4797200085235,439.2929011505122,14.813181141988707,,424.4797200085235,,energy_grav,ExtraTrees
239,Na0-1Li2MnPCO7,NaLi2MnPCO7,Li2MnPCO7,phosphate_or_NASICON_like,Li2MnPCO7,,energy_grav,C_strict_post_DFT,ExtraTrees,343.99018578493855,365.9137714861937,21.92358570125515,,343.99018578493855,,energy_grav,ExtraTrees
240,Na0-3Cr2(PS4)3,Na3Cr2(PS4)3,Cr2(PS4)3,other_or_unclear,Cr2(PS4)3,,energy_grav,C_strict_post_DFT,ExtraTrees,385.4686827968002,249.88124824714663,135.58743454965355,,385.4686827968002,,energy_grav,ExtraTrees
241,Na0-1Ni2P2O9,NaNi2P2O9,Ni2P2O9,phosphate_or_NASICON_like,Ni2P2O9,,energy_grav,C_strict_post_DFT,ExtraTrees,399.9009487800772,400.1131808253453,0.2122320452680242,,399.9009487800772,,energy_grav,ExtraTrees
242,Na0-1VS2,NaVS2,VS2,other_or_unclear,VS2,,energy_grav,C_strict_post_DFT,ExtraTrees,282.224857514976,344.8909240844104,62.66606656943435,,282.224857514976,,energy_grav,ExtraTrees
243,Na0-1Ca9Mn(PO4)7,NaCa9Mn(PO4)7,Ca9Mn(PO4)7,phosphate_or_NASICON_like,Ca9Mn(PO4)7,,energy_grav,C_strict_post_DFT,ExtraTrees,112.50901168201489,127.36687055104514,14.857858869030252,,112.50901168201489,,energy_grav,ExtraTrees
244,Na0-1V3Fe2CuO12,NaV3Fe2CuO12,V3Fe2CuO12,transition_metal_oxide_like,V3Fe2CuO12,,energy_grav,C_strict_post_DFT,ExtraTrees,205.7378181136624,169.0639920941312,36.67382601953119,,205.7378181136624,,energy_grav,ExtraTrees
245,Na0-3Ge3(MoO6)2,Na3Ge3(MoO6)2,Ge3(MoO6)2,transition_metal_oxide_like,Ge3(MoO6)2,,energy_grav,C_strict_post_DFT,ExtraTrees,394.4731919249708,330.85027556844403,63.62291635652679,,394.4731919249708,,energy_grav,ExtraTrees
246,Na2-3FeBAsO7,Na3FeBAsO7,FeBAsO7,transition_metal_oxide_like,FeBAsO7,,energy_grav,C_strict_post_DFT,ExtraTrees,300.21208829784,304.4711010215188,4.259012723678779,,300.21208829784,,energy_grav,ExtraTrees
247,Na0-0.5VO2,NaV2O4,VO2,transition_metal_oxide_like,VO2,,energy_grav,C_strict_post_DFT,ExtraTrees,413.5369251931839,497.3770054747194,83.8400802815355,,413.5369251931839,,energy_grav,ExtraTrees
248,Na0-1Mo3P3O16,NaMo3P3O16,Mo3P3O16,phosphate_or_NASICON_like,Mo3P3O16,,energy_grav,C_strict_post_DFT,ExtraTrees,166.53186046310356,180.979533172338,14.44767270923444,,166.53186046310356,,energy_grav,ExtraTrees
249,Na2-3CuAsCO7,Na3CuAsCO7,CuAsCO7,transition_metal_oxide_like,CuAsCO7,,energy_grav,C_strict_post_DFT,ExtraTrees,268.01667600307377,297.5627632548444,29.546087251770587,,268.01667600307377,,energy_grav,ExtraTrees
250,Na0-1Mn3Ag(PO4)3,NaMn3Ag(PO4)3,Mn3Ag(PO4)3,phosphate_or_NASICON_like,Mn3Ag(PO4)3,,energy_grav,C_strict_post_DFT,ExtraTrees,192.45664644489625,191.71837701887443,0.7382694260218159,,192.45664644489625,,energy_grav,ExtraTrees
251,Na2-3MnBAsO7,Na3MnBAsO7,MnBAsO7,transition_metal_oxide_like,MnBAsO7,,energy_grav,C_strict_post_DFT,ExtraTrees,291.9117822847518,295.8608391339151,3.9490568491632985,,291.9117822847518,,energy_grav,ExtraTrees
252,Na0.4-0.8NiO2,Na4(NiO2)5,NiO2,transition_metal_oxide_like,NiO2,,energy_grav,C_strict_post_DFT,ExtraTrees,288.22537113274643,333.0407844971296,44.815413364383176,,288.22537113274643,,energy_grav,ExtraTrees
253,Na0-2Cu5(Si2O7)2,Na2Cu5(Si2O7)2,Cu5(Si2O7)2,silicate_like,Cu5(Si2O7)2,,energy_grav,C_strict_post_DFT,ExtraTrees,286.10405809582613,358.06958041105713,71.965522315231,,286.10405809582613,,energy_grav,ExtraTrees
254,Na0-1NbWO7,NaNbWO7,NbWO7,transition_metal_oxide_like,NbWO7,,energy_grav,C_strict_post_DFT,ExtraTrees,308.86551130237683,304.71750416406314,4.148007138313687,,308.86551130237683,,energy_grav,ExtraTrees
255,Na0-0.5VO2,NaV2O4,VO2,transition_metal_oxide_like,VO2,,energy_grav,C_strict_post_DFT,ExtraTrees,411.9268609705878,487.9351033826189,76.00824241203105,,411.9268609705878,,energy_grav,ExtraTrees
256,Na4-6Fe2As(CO4)4,Na6Fe2As(CO4)4,Fe2As(CO4)4,transition_metal_oxide_like,Fe2As(CO4)4,,energy_grav,C_strict_post_DFT,ExtraTrees,300.6875125766163,305.737216790656,5.049704214039707,,300.6875125766163,,energy_grav,ExtraTrees
257,Na0-1NbS2,NaNbS2,NbS2,other_or_unclear,NbS2,,energy_grav,C_strict_post_DFT,ExtraTrees,266.2476480385766,242.6863596568227,23.561288381753883,,266.2476480385766,,energy_grav,ExtraTrees
258,Na1-2CuO2,Na2CuO2,CuO2,transition_metal_oxide_like,CuO2,,energy_grav,C_strict_post_DFT,ExtraTrees,305.7217109362169,360.2504862532207,54.528775317003806,,305.7217109362169,,energy_grav,ExtraTrees
259,Na0-2UCl6,Na2UCl6,UCl6,other_or_unclear,UCl6,,energy_grav,C_strict_post_DFT,ExtraTrees,287.65827615132616,76.7657312596205,210.89254489170565,,287.65827615132616,,energy_grav,ExtraTrees
260,Na0-1SbWO7,NaSbWO7,SbWO7,transition_metal_oxide_like,SbWO7,,energy_grav,C_strict_post_DFT,ExtraTrees,316.8567209618887,289.2856288024202,27.57109215946849,,316.8567209618887,,energy_grav,ExtraTrees
261,Na2-3CoSiCO7,Na3CoSiCO7,CoSiCO7,silicate_like,CoSiCO7,,energy_grav,C_strict_post_DFT,ExtraTrees,308.31066252799496,350.6118116451276,42.30114911713264,,308.31066252799496,,energy_grav,ExtraTrees
262,Na2-3.5CoO3,Na7(CoO3)2,CoO3,transition_metal_oxide_like,CoO3,,energy_grav,C_strict_post_DFT,ExtraTrees,467.5103941685254,282.660917270745,184.8494768977804,,467.5103941685254,,energy_grav,ExtraTrees
263,Na0-1CrN2,NaCrN2,CrN2,other_or_unclear,CrN2,,energy_grav,C_strict_post_DFT,ExtraTrees,511.0390774078952,746.2573941736492,235.21831676575405,,511.0390774078952,,energy_grav,ExtraTrees
264,Na0-1Li2FePCO7,NaLi2FePCO7,Li2FePCO7,phosphate_or_NASICON_like,Li2FePCO7,,energy_grav,C_strict_post_DFT,ExtraTrees,294.10894709939527,373.3098623267356,79.20091522734032,,294.10894709939527,,energy_grav,ExtraTrees
265,Na0-1Li2FePCO7,NaLi2FePCO7,Li2FePCO7,phosphate_or_NASICON_like,Li2FePCO7,,energy_grav,C_strict_post_DFT,ExtraTrees,294.3673104689822,388.734344910781,94.36703444179876,,294.3673104689822,,energy_grav,ExtraTrees
266,Na0-1Sn4(PO4)3,NaSn4(PO4)3,Sn4(PO4)3,phosphate_or_NASICON_like,Sn4(PO4)3,,energy_grav,C_strict_post_DFT,ExtraTrees,148.899514227672,191.77548828292052,42.87597405524855,,148.899514227672,,energy_grav,ExtraTrees
267,Na0-1Ni3O4,NaNi3O4,Ni3O4,transition_metal_oxide_like,Ni3O4,,energy_grav,C_strict_post_DFT,ExtraTrees,291.8789124192384,347.1098497685761,55.230937349337694,,291.8789124192384,,energy_grav,ExtraTrees
268,Na1-14Mn2O9,Na14Mn2O9,Mn2O9,transition_metal_oxide_like,Mn2O9,,energy_grav,C_strict_post_DFT,ExtraTrees,209.9684456825188,307.1221146129343,97.1536689304155,,209.9684456825188,,energy_grav,ExtraTrees
269,Na0-1CuSe,NaCuSe,CuSe,other_or_unclear,CuSe,,energy_grav,C_strict_post_DFT,ExtraTrees,261.9255339713453,128.53405193865404,133.39148203269127,,261.9255339713453,,energy_grav,ExtraTrees
270,Na0-4Fe3P4O15,Na4Fe3P4O15,Fe3P4O15,phosphate_or_NASICON_like,Fe3P4O15,,energy_grav,C_strict_post_DFT,ExtraTrees,412.6621316356828,722.2049105413059,309.54277890562315,,412.6621316356828,,energy_grav,ExtraTrees
271,Na0-2CoP2O7,Na2CoP2O7,CoP2O7,phosphate_or_NASICON_like,CoP2O7,,energy_grav,C_strict_post_DFT,ExtraTrees,444.2506337960506,978.0809845151244,533.8303507190739,,444.2506337960506,,energy_grav,ExtraTrees
272,Na0-1TaWO7,NaTaWO7,TaWO7,transition_metal_oxide_like,TaWO7,,energy_grav,C_strict_post_DFT,ExtraTrees,255.37959404477093,202.34336228138775,53.03623176338314,,255.37959404477093,,energy_grav,ExtraTrees
273,Na0-1Mo3P3O13,NaMo3P3O13,Mo3P3O13,phosphate_or_NASICON_like,Mo3P3O13,,energy_grav,C_strict_post_DFT,ExtraTrees,162.62095409662092,185.018605745974,22.397651649353094,,162.62095409662092,,energy_grav,ExtraTrees
274,Na0-1Mn6P7O24,NaMn6P7O24,Mn6P7O24,phosphate_or_NASICON_like,Mn6P7O24,,energy_grav,C_strict_post_DFT,ExtraTrees,105.3378277691194,153.6334058878435,48.29557811872411,,105.3378277691194,,energy_grav,ExtraTrees
275,Na2-3CoBAsO7,Na3CoBAsO7,CoBAsO7,transition_metal_oxide_like,CoBAsO7,,energy_grav,C_strict_post_DFT,ExtraTrees,305.40817457255446,274.6710372085558,30.73713736399867,,305.40817457255446,,energy_grav,ExtraTrees
276,Na0-1NbO2,NaNbO2,NbO2,other_or_unclear,NbO2,,energy_grav,C_strict_post_DFT,ExtraTrees,411.0735635721049,456.9273581235012,45.853794551396334,,411.0735635721049,,energy_grav,ExtraTrees
277,Na0-2CuMoF6,Na2CuMoF6,CuMoF6,other_or_unclear,CuMoF6,,energy_grav,C_strict_post_DFT,ExtraTrees,402.30334405432586,427.9380093416178,25.634665287291966,,402.30334405432586,,energy_grav,ExtraTrees
278,Na0-0.5CuO,Na(CuO)2,CuO,transition_metal_oxide_like,CuO,,energy_grav,C_strict_post_DFT,ExtraTrees,363.844434002412,465.66745028520734,101.82301628279532,,363.844434002412,,energy_grav,ExtraTrees
279,Na0-2LiSbF6,Na2LiSbF6,LiSbF6,other_or_unclear,LiSbF6,,energy_grav,C_strict_post_DFT,ExtraTrees,428.7349547672769,325.82170053135394,102.91325423592298,,428.7349547672769,,energy_grav,ExtraTrees
280,Na0-1.5V12O29,Na3V24O58,V12O29,transition_metal_oxide_like,V12O29,,energy_grav,C_strict_post_DFT,ExtraTrees,136.6237270990571,146.9573565544876,10.333629455430495,,136.6237270990571,,energy_grav,ExtraTrees
281,Na0-3Sn,Na3Sn,Sn,other_or_unclear,Sn,,energy_grav,C_strict_post_DFT,ExtraTrees,82.09531298096573,-16.236683505350488,98.3319964863162,,82.09531298096573,,energy_grav,ExtraTrees
282,Na0-1TiO2,NaTiO2,TiO2,transition_metal_oxide_like,TiO2,,energy_grav,C_strict_post_DFT,ExtraTrees,287.47046158212504,476.61201693156096,189.14155534943592,,287.47046158212504,,energy_grav,ExtraTrees
283,Na0-1Fe5O8,NaFe5O8,Fe5O8,transition_metal_oxide_like,Fe5O8,,energy_grav,C_strict_post_DFT,ExtraTrees,242.60554546795348,286.74443259456694,44.13888712661347,,242.60554546795348,,energy_grav,ExtraTrees
284,Na2-3Ni2O5,Na3Ni2O5,Ni2O5,transition_metal_oxide_like,Ni2O5,,energy_grav,C_strict_post_DFT,ExtraTrees,278.6342401938574,293.2811183734188,14.646878179561384,,278.6342401938574,,energy_grav,ExtraTrees
285,Na0-1Mn7O12,NaMn7O12,Mn7O12,transition_metal_oxide_like,Mn7O12,,energy_grav,C_strict_post_DFT,ExtraTrees,156.8364248236381,162.20296027896092,5.366535455322804,,156.8364248236381,,energy_grav,ExtraTrees
286,Na0-3Cd,Na3Cd,Cd,other_or_unclear,Cd,,energy_grav,C_strict_post_DFT,ExtraTrees,19.684868335102223,3.63613504468949,16.048733290412734,,19.684868335102223,,energy_grav,ExtraTrees
287,Na0-4MgMn4O8,Na4MgMn4O8,MgMn4O8,transition_metal_oxide_like,MgMn4O8,,energy_grav,C_strict_post_DFT,ExtraTrees,298.3707690526346,593.8593343174009,295.4885652647663,,298.3707690526346,,energy_grav,ExtraTrees
288,Na0-0.5CuO,Na(CuO)2,CuO,transition_metal_oxide_like,CuO,,energy_grav,C_strict_post_DFT,ExtraTrees,366.9761367303119,485.5640033539714,118.58786662365948,,366.9761367303119,,energy_grav,ExtraTrees
289,Na4-5NiO4,Na5NiO4,NiO4,transition_metal_oxide_like,NiO4,,energy_grav,C_strict_post_DFT,ExtraTrees,307.1379365371534,228.15245094444532,78.98548559270805,,307.1379365371534,,energy_grav,ExtraTrees
290,Na0-0.5MnO2,NaMn2O4,MnO2,transition_metal_oxide_like,MnO2,,energy_grav,C_strict_post_DFT,ExtraTrees,307.8120383473917,461.99558545294025,154.18354710554854,,307.8120383473917,,energy_grav,ExtraTrees
291,Na2-3BiBAsO7,Na3BiBAsO7,BiBAsO7,other_or_unclear,BiBAsO7,,energy_grav,C_strict_post_DFT,ExtraTrees,203.98735891811089,233.92157798775244,29.93421906964156,,203.98735891811089,,energy_grav,ExtraTrees
292,Na0-2TiAgF6,Na2TiAgF6,TiAgF6,other_or_unclear,TiAgF6,,energy_grav,C_strict_post_DFT,ExtraTrees,409.6456238243172,346.5002436548137,63.14538016950354,,409.6456238243172,,energy_grav,ExtraTrees
293,Na0-1Rb2SbCl6,Rb2NaSbCl6,Rb2SbCl6,other_or_unclear,Rb2SbCl6,,energy_grav,C_strict_post_DFT,ExtraTrees,154.37781412194886,129.318103179511,25.05971094243785,,154.37781412194886,,energy_grav,ExtraTrees
294,Na1-3SnAsCO7,Na3SnAsCO7,SnAsCO7,carbon_or_organic_like,SnAsCO7,,energy_grav,C_strict_post_DFT,ExtraTrees,305.57756718781235,275.7245831891091,29.852983998703223,,305.57756718781235,,energy_grav,ExtraTrees
295,Na0-0.67NbS2,Na2(NbS2)3,NbS2,other_or_unclear,NbS2,,energy_grav,C_strict_post_DFT,ExtraTrees,218.421413889136,209.50296222269068,8.918451666445321,,218.421413889136,,energy_grav,ExtraTrees
296,Na0-1TiO2,NaTiO2,TiO2,transition_metal_oxide_like,TiO2,,energy_grav,C_strict_post_DFT,ExtraTrees,271.9490568258624,441.7441471634667,169.79509033760434,,271.9490568258624,,energy_grav,ExtraTrees
297,Na0-1.25V9O22,Na5V36O88,V9O22,transition_metal_oxide_like,V9O22,,energy_grav,C_strict_post_DFT,ExtraTrees,137.4137681559183,152.80350480955343,15.38973665363514,,137.4137681559183,,energy_grav,ExtraTrees
298,Na0-1Ti4(CuO4)3,NaTi4(CuO4)3,Ti4(CuO4)3,transition_metal_oxide_like,Ti4(CuO4)3,,energy_grav,C_strict_post_DFT,ExtraTrees,152.87646841995482,142.9794892954223,9.89697912453252,,152.87646841995482,,energy_grav,ExtraTrees
299,Na0-1MoO2,NaMoO2,MoO2,transition_metal_oxide_like,MoO2,,energy_grav,C_strict_post_DFT,ExtraTrees,379.4915607776621,477.9996955529749,98.50813477531284,,379.4915607776621,,energy_grav,ExtraTrees
300,Na0-1Cs2SbCl6,Cs2NaSbCl6,Cs2SbCl6,other_or_unclear,Cs2SbCl6,,energy_grav,C_strict_post_DFT,ExtraTrees,134.8357254436756,104.42184769518506,30.41387774849055,,134.8357254436756,,energy_grav,ExtraTrees
301,Na4-6Cr2As(CO4)4,Na6Cr2As(CO4)4,Cr2As(CO4)4,transition_metal_oxide_like,Cr2As(CO4)4,,energy_grav,C_strict_post_DFT,ExtraTrees,262.13111124154966,293.140992897605,31.009881656055317,,262.13111124154966,,energy_grav,ExtraTrees
302,Na0-1Cs2MnF6,Cs2NaMnF6,Cs2MnF6,other_or_unclear,Cs2MnF6,,energy_grav,C_strict_post_DFT,ExtraTrees,178.0343906444332,252.16680023063356,74.13240958620034,,178.0343906444332,,energy_grav,ExtraTrees
303,Na2-4Mg(NiO2)5,Na4Mg(NiO2)5,Mg(NiO2)5,transition_metal_oxide_like,Mg(NiO2)5,,energy_grav,C_strict_post_DFT,ExtraTrees,256.4720289677812,357.05301491621805,100.58098594843682,,256.4720289677812,,energy_grav,ExtraTrees
304,Na0-0.5TiO2,NaTi2O4,TiO2,transition_metal_oxide_like,TiO2,,energy_grav,C_strict_post_DFT,ExtraTrees,207.06262953667093,302.9064535388207,95.84382400214976,,207.06262953667093,,energy_grav,ExtraTrees
305,Na1-3BiAsCO7,Na3BiAsCO7,BiAsCO7,carbon_or_organic_like,BiAsCO7,,energy_grav,C_strict_post_DFT,ExtraTrees,293.3625768423883,284.2821731935835,9.080403648804804,,293.3625768423883,,energy_grav,ExtraTrees
306,Na1-3SbF6,Na3SbF6,SbF6,other_or_unclear,SbF6,,energy_grav,C_strict_post_DFT,ExtraTrees,358.37667209340555,496.4241191871894,138.04744709378383,,358.37667209340555,,energy_grav,ExtraTrees
307,Na0-3Sb,Na3Sb,Sb,other_or_unclear,Sb,,energy_grav,C_strict_post_DFT,ExtraTrees,308.4887305361398,20.77796451491672,287.7107660212231,,308.4887305361398,,energy_grav,ExtraTrees
308,Na0-1Fe5O8,NaFe5O8,Fe5O8,transition_metal_oxide_like,Fe5O8,,energy_grav,C_strict_post_DFT,ExtraTrees,232.47300871686616,277.8364570307588,45.36344831389266,,232.47300871686616,,energy_grav,ExtraTrees
309,Na5-6Ni2As(CO4)4,Na6Ni2As(CO4)4,Ni2As(CO4)4,transition_metal_oxide_like,Ni2As(CO4)4,,energy_grav,C_strict_post_DFT,ExtraTrees,159.79067696324782,257.2703811956468,97.47970423239896,,159.79067696324782,,energy_grav,ExtraTrees
310,Na0-3Cs,CsNa3,Cs,other_or_unclear,Cs,,energy_grav,C_strict_post_DFT,ExtraTrees,-38.82633735058558,-29.478075654081422,9.34826169650416,,-38.82633735058558,,energy_grav,ExtraTrees
311,Na0-1Ni5O6,NaNi5O6,Ni5O6,transition_metal_oxide_like,Ni5O6,,energy_grav,C_strict_post_DFT,ExtraTrees,191.96688697625663,286.0306725268928,94.06378555063614,,191.96688697625663,,energy_grav,ExtraTrees
312,Na0-1Rb2VCl6,Rb2NaVCl6,Rb2VCl6,other_or_unclear,Rb2VCl6,,energy_grav,C_strict_post_DFT,ExtraTrees,156.72845609095305,129.63497077869394,27.093485312259105,,156.72845609095305,,energy_grav,ExtraTrees
313,Na0-3Ag,Na3Ag,Ag,other_or_unclear,Ag,,energy_grav,C_strict_post_DFT,ExtraTrees,-4.073349107551401,-19.376779596399462,15.30343048884806,,-4.073349107551401,,energy_grav,ExtraTrees
314,Na0-3Ca,Na3Ca,Ca,other_or_unclear,Ca,,energy_grav,C_strict_post_DFT,ExtraTrees,-83.86900978856318,-46.93801928457495,36.93099050398823,,-83.86900978856318,,energy_grav,ExtraTrees
315,Na2-3VBAsO7,Na3VBAsO7,VBAsO7,transition_metal_oxide_like,VBAsO7,,energy_grav,C_strict_post_DFT,ExtraTrees,244.21958376945227,298.3827345838432,54.16315081439089,,244.21958376945227,,energy_grav,ExtraTrees
316,Na0-1Ti3Nb(CuO4)3,NaTi3Nb(CuO4)3,Ti3Nb(CuO4)3,transition_metal_oxide_like,Ti3Nb(CuO4)3,,energy_grav,C_strict_post_DFT,ExtraTrees,139.29439490622715,170.64686964168865,31.3524747354615,,139.29439490622715,,energy_grav,ExtraTrees
317,Na4-5CoO4,Na5CoO4,CoO4,transition_metal_oxide_like,CoO4,,energy_grav,C_strict_post_DFT,ExtraTrees,188.93083466636773,313.59902000415144,124.66818533778373,,188.93083466636773,,energy_grav,ExtraTrees
318,Na0-1MgMn2O4,NaMgMn2O4,MgMn2O4,transition_metal_oxide_like,MgMn2O4,,energy_grav,C_strict_post_DFT,ExtraTrees,238.2580635591432,438.8060300223679,200.5479664632247,,238.2580635591432,,energy_grav,ExtraTrees
319,Na2-2.5FePCO7,Na5Fe2P2(CO7)2,FePCO7,phosphate_or_NASICON_like,FePCO7,,energy_grav,C_strict_post_DFT,ExtraTrees,138.5665590167103,252.78771893701887,114.22115992030857,,138.5665590167103,,energy_grav,ExtraTrees
320,Na0-1AgO,NaAgO,AgO,other_or_unclear,AgO,,energy_grav,C_strict_post_DFT,ExtraTrees,362.5588344796806,309.41007146158125,53.14876301809937,,362.5588344796806,,energy_grav,ExtraTrees
321,Na2-2.5FePCO7,Na5Fe2P2(CO7)2,FePCO7,phosphate_or_NASICON_like,FePCO7,,energy_grav,C_strict_post_DFT,ExtraTrees,137.54384481270182,253.1282450511476,115.5844002384458,,137.54384481270182,,energy_grav,ExtraTrees
322,Na0-1Ti(SiO3)2,NaTi(SiO3)2,Ti(SiO3)2,silicate_like,Ti(SiO3)2,,energy_grav,C_strict_post_DFT,ExtraTrees,154.2116866825883,351.47681875727665,197.26513207468835,,154.2116866825883,,energy_grav,ExtraTrees
323,Na0-1Li5Mn2P2(CO7)2,NaLi5Mn2P2(CO7)2,Li5Mn2P2(CO7)2,phosphate_or_NASICON_like,Li5Mn2P2(CO7)2,,energy_grav,C_strict_post_DFT,ExtraTrees,173.32904759798797,197.42714507588292,24.09809747789498,,173.32904759798797,,energy_grav,ExtraTrees
324,Na0-1Li5Fe2P2(CO7)2,NaLi5Fe2P2(CO7)2,Li5Fe2P2(CO7)2,phosphate_or_NASICON_like,Li5Fe2P2(CO7)2,,energy_grav,C_strict_post_DFT,ExtraTrees,169.35859532704342,198.78408773730868,29.425492410265264,,169.35859532704342,,energy_grav,ExtraTrees
325,Na0-2RbSb,RbNa2Sb,RbSb,other_or_unclear,RbSb,,energy_grav,C_strict_post_DFT,ExtraTrees,232.2892341012808,108.87376386064284,123.41547024063796,,232.2892341012808,,energy_grav,ExtraTrees
326,Na0-1NbSe2,NaNbSe2,NbSe2,other_or_unclear,NbSe2,,energy_grav,C_strict_post_DFT,ExtraTrees,145.76484360162237,80.82742665427345,64.93741694734892,,145.76484360162237,,energy_grav,ExtraTrees
327,Na0-1Ca9Co(PO4)7,NaCa9Co(PO4)7,Ca9Co(PO4)7,phosphate_or_NASICON_like,Ca9Co(PO4)7,,energy_grav,C_strict_post_DFT,ExtraTrees,80.90114532682603,147.20017300498404,66.29902767815801,,80.90114532682603,,energy_grav,ExtraTrees
328,Na0-1TiP2O7,NaTiP2O7,TiP2O7,phosphate_or_NASICON_like,TiP2O7,,energy_grav,C_strict_post_DFT,ExtraTrees,194.1291709586281,354.54105694731606,160.41188598868797,,194.1291709586281,,energy_grav,ExtraTrees
329,Na4-5MnO4,Na5MnO4,MnO4,transition_metal_oxide_like,MnO4,,energy_grav,C_strict_post_DFT,ExtraTrees,168.8026215512892,250.29264851767957,81.49002696639033,,168.8026215512892,,energy_grav,ExtraTrees
330,Na0-2AgAsF6,Na2AgAsF6,AgAsF6,other_or_unclear,AgAsF6,,energy_grav,C_strict_post_DFT,ExtraTrees,369.79832438289446,386.6701340132295,16.871809630335008,,369.79832438289446,,energy_grav,ExtraTrees
331,Na0-1PrNb4O12,NaPrNb4O12,PrNb4O12,other_or_unclear,PrNb4O12,,energy_grav,C_strict_post_DFT,ExtraTrees,124.75209814917214,124.88085974104943,0.128761591877307,,124.75209814917214,,energy_grav,ExtraTrees
332,Na2-2.5FePCO7,Na5Fe2P2(CO7)2,FePCO7,phosphate_or_NASICON_like,FePCO7,,energy_grav,C_strict_post_DFT,ExtraTrees,128.56370682827975,220.0596990105919,91.49599218231216,,128.56370682827975,,energy_grav,ExtraTrees
333,Na0-0.42TiO2,Na5Ti12O24,TiO2,transition_metal_oxide_like,TiO2,,energy_grav,C_strict_post_DFT,ExtraTrees,119.87822419210454,285.6137659363763,165.73554174427176,,119.87822419210454,,energy_grav,ExtraTrees
334,Na0-2LiNbF6,Na2LiNbF6,LiNbF6,other_or_unclear,LiNbF6,,energy_grav,C_strict_post_DFT,ExtraTrees,192.3975140564943,520.9679580699793,328.57044401348503,,192.3975140564943,,energy_grav,ExtraTrees
335,Na0-1V6O11,NaV6O11,V6O11,transition_metal_oxide_like,V6O11,,energy_grav,C_strict_post_DFT,ExtraTrees,147.87170830300937,168.62643953343616,20.754731230426785,,147.87170830300937,,energy_grav,ExtraTrees
336,Na0-1TiP2O7,NaTiP2O7,TiP2O7,phosphate_or_NASICON_like,TiP2O7,,energy_grav,C_strict_post_DFT,ExtraTrees,177.3684427580573,357.2695158472735,179.9010730892162,,177.3684427580573,,energy_grav,ExtraTrees
337,Na0-1NdNb4O12,NaNdNb4O12,NdNb4O12,other_or_unclear,NdNb4O12,,energy_grav,C_strict_post_DFT,ExtraTrees,123.6396343945881,128.05655987805685,4.416925483468745,,123.6396343945881,,energy_grav,ExtraTrees
338,Na1.25-2MgFe2(PO4)3,Na2MgFe2(PO4)3,MgFe2(PO4)3,phosphate_or_NASICON_like,MgFe2(PO4)3,,energy_grav,C_strict_post_DFT,ExtraTrees,114.09989812537944,329.21717536902617,215.11727724364675,,114.09989812537944,,energy_grav,ExtraTrees
339,Na0-1WO3,NaWO3,WO3,transition_metal_oxide_like,WO3,,energy_grav,C_strict_post_DFT,ExtraTrees,188.38228102550525,234.7066805501783,46.324399524673055,,188.38228102550525,,energy_grav,ExtraTrees
340,Na5-6Co2As(CO4)4,Na6Co2As(CO4)4,Co2As(CO4)4,transition_metal_oxide_like,Co2As(CO4)4,,energy_grav,C_strict_post_DFT,ExtraTrees,143.189146604896,239.18233535146825,95.99318874657224,,143.189146604896,,energy_grav,ExtraTrees
341,Na0-1ReO3,NaReO3,ReO3,other_or_unclear,ReO3,,energy_grav,C_strict_post_DFT,ExtraTrees,192.158088064326,203.93150326648208,11.773415202156087,,192.158088064326,,energy_grav,ExtraTrees
342,Na0-1K2MoCl6,K2NaMoCl6,K2MoCl6,other_or_unclear,K2MoCl6,,energy_grav,C_strict_post_DFT,ExtraTrees,152.4687105288141,121.51837228234638,30.950338246467737,,152.4687105288141,,energy_grav,ExtraTrees
343,Na1-2TiPCO7,Na2TiPCO7,TiPCO7,phosphate_or_NASICON_like,TiPCO7,,energy_grav,C_strict_post_DFT,ExtraTrees,166.22739767065016,279.8640691836571,113.63667151300692,,166.22739767065016,,energy_grav,ExtraTrees
344,Na0-1V4(CuO4)3,NaV4(CuO4)3,V4(CuO4)3,transition_metal_oxide_like,V4(CuO4)3,,energy_grav,C_strict_post_DFT,ExtraTrees,130.73991695184827,181.27605340657303,50.53613645472478,,130.73991695184827,,energy_grav,ExtraTrees
345,Na0-1CdN,NaCdN,CdN,other_or_unclear,CdN,,energy_grav,C_strict_post_DFT,ExtraTrees,236.9831465060095,348.1435952887596,111.16044878275014,,236.9831465060095,,energy_grav,ExtraTrees
346,Na1-2.75Ti2(PO4)3,Na11Ti8(PO4)12,Ti2(PO4)3,phosphate_or_NASICON_like,Ti2(PO4)3,,energy_grav,C_strict_post_DFT,ExtraTrees,130.664819749988,301.17073390384667,170.50591415385867,,130.664819749988,,energy_grav,ExtraTrees
347,Na0-1Fe7(PO4)6,NaFe7(PO4)6,Fe7(PO4)6,phosphate_or_NASICON_like,Fe7(PO4)6,,energy_grav,C_strict_post_DFT,ExtraTrees,74.95952936940748,167.2695352150886,92.31000584568112,,74.95952936940748,,energy_grav,ExtraTrees
348,Na0-0.5BiO2,Na(BiO2)2,BiO2,other_or_unclear,BiO2,,energy_grav,C_strict_post_DFT,ExtraTrees,146.42546535635356,229.059364443065,82.63389908671144,,146.42546535635356,,energy_grav,ExtraTrees
349,Na0-1Cs2MoCl6,Cs2NaMoCl6,Cs2MoCl6,other_or_unclear,Cs2MoCl6,,energy_grav,C_strict_post_DFT,ExtraTrees,107.84742255857812,113.63560069357769,5.788178134999555,,107.84742255857812,,energy_grav,ExtraTrees
350,Na0-0.75WO3,Na3(WO3)4,WO3,transition_metal_oxide_like,WO3,,energy_grav,C_strict_post_DFT,ExtraTrees,158.5116544628728,207.7147805332112,49.20312607033841,,158.5116544628728,,energy_grav,ExtraTrees
351,Na1-2Sn,Na2Sn,Sn,other_or_unclear,Sn,,energy_grav,C_strict_post_DFT,ExtraTrees,-36.69555922725719,27.29982709557781,63.995386322835,,-36.69555922725719,,energy_grav,ExtraTrees
352,Na2-3TlPCO7,Na3TlPCO7,TlPCO7,phosphate_or_NASICON_like,TlPCO7,,energy_grav,C_strict_post_DFT,ExtraTrees,149.1454837452876,235.22002638924863,86.07454264396102,,149.1454837452876,,energy_grav,ExtraTrees
353,Na0-1Cs2SbBr6,Cs2NaSbBr6,Cs2SbBr6,other_or_unclear,Cs2SbBr6,,energy_grav,C_strict_post_DFT,ExtraTrees,80.05863535480162,76.90547232841196,3.153163026389663,,80.05863535480162,,energy_grav,ExtraTrees
354,Na0-1FeCuS2,NaFeCuS2,FeCuS2,other_or_unclear,FeCuS2,,energy_grav,C_strict_post_DFT,ExtraTrees,224.18593205417423,259.4672604839577,35.281328429783485,,224.18593205417423,,energy_grav,ExtraTrees
355,Na0-0.31TiO2,Na5Ti16O32,TiO2,transition_metal_oxide_like,TiO2,,energy_grav,C_strict_post_DFT,ExtraTrees,165.18599700262578,246.22191468895792,81.03591768633214,,165.18599700262578,,energy_grav,ExtraTrees
356,Na0-0.5CrS2,Na(CrS2)2,CrS2,other_or_unclear,CrS2,,energy_grav,C_strict_post_DFT,ExtraTrees,189.108136674612,225.98952971442495,36.88139303981296,,189.108136674612,,energy_grav,ExtraTrees
357,Na0-3Ca,Na3Ca,Ca,other_or_unclear,Ca,,energy_grav,C_strict_post_DFT,ExtraTrees,11.014985061323747,-36.27251105525344,47.28749611657719,,11.014985061323747,,energy_grav,ExtraTrees
358,Na0-1TiF3,NaTiF3,TiF3,other_or_unclear,TiF3,,energy_grav,C_strict_post_DFT,ExtraTrees,-12.659396876527234,625.5178953696536,638.1772922461809,,-12.659396876527234,,energy_grav,ExtraTrees
359,Na2-3C,Na3C,C,carbon_or_organic_like,C,,energy_grav,C_strict_post_DFT,ExtraTrees,-144.52439270485988,743.2556671510176,887.7800598558775,,-144.52439270485988,,energy_grav,ExtraTrees
360,Na0-0.33VO2,NaV3O6,VO2,transition_metal_oxide_like,VO2,,energy_grav,C_strict_post_DFT,ExtraTrees,181.29027283706125,328.5561418864353,147.26586904937403,,181.29027283706125,,energy_grav,ExtraTrees
361,Na0-1Ba2(CuO2)3,Ba2Na(CuO2)3,Ba2(CuO2)3,transition_metal_oxide_like,Ba2(CuO2)3,,energy_grav,C_strict_post_DFT,ExtraTrees,112.82634344833474,195.18968710527167,82.36334365693693,,112.82634344833474,,energy_grav,ExtraTrees
362,Na0-1Rb2SbBr6,Rb2NaSbBr6,Rb2SbBr6,other_or_unclear,Rb2SbBr6,,energy_grav,C_strict_post_DFT,ExtraTrees,86.21393726983973,92.06010220866506,5.846164938825325,,86.21393726983973,,energy_grav,ExtraTrees
363,Na0-3Fe,Na3Fe,Fe,other_or_unclear,Fe,,energy_grav,C_strict_post_DFT,ExtraTrees,-426.17058175097054,-365.9294450943808,60.24113665658973,,-426.17058175097054,,energy_grav,ExtraTrees
364,Na4-6Bi2As(CO4)4,Na6Bi2As(CO4)4,Bi2As(CO4)4,carbon_or_organic_like,Bi2As(CO4)4,,energy_grav,C_strict_post_DFT,ExtraTrees,155.45774304631323,222.21001182719937,66.75226878088614,,155.45774304631323,,energy_grav,ExtraTrees
365,Na0-3Ce,Na3Ce,Ce,other_or_unclear,Ce,,energy_grav,C_strict_post_DFT,ExtraTrees,-238.11456460313963,-128.33290386246497,109.78166074067464,,-238.11456460313963,,energy_grav,ExtraTrees
366,Na0-1ZrNb(PO4)3,NaZrNb(PO4)3,ZrNb(PO4)3,phosphate_or_NASICON_like,ZrNb(PO4)3,,energy_grav,C_strict_post_DFT,ExtraTrees,91.60918267068716,204.41276620798467,112.80358353729753,,91.60918267068716,,energy_grav,ExtraTrees
367,Na5-6CuO4,Na6CuO4,CuO4,transition_metal_oxide_like,CuO4,,energy_grav,C_strict_post_DFT,ExtraTrees,98.3940287902878,259.73616357278394,161.34213478249615,,98.3940287902878,,energy_grav,ExtraTrees
368,Na0-0.2VO2,NaV5O10,VO2,transition_metal_oxide_like,VO2,,energy_grav,C_strict_post_DFT,ExtraTrees,131.22478518924635,270.11511715893226,138.89033196968592,,131.22478518924635,,energy_grav,ExtraTrees
369,Na0-1CeSe2,NaCeSe2,CeSe2,other_or_unclear,CeSe2,,energy_grav,C_strict_post_DFT,ExtraTrees,158.91921945189753,67.10750167589862,91.81171777599891,,158.91921945189753,,energy_grav,ExtraTrees
370,Na2-3SiSnCO7,Na3SiSnCO7,SiSnCO7,silicate_like,SiSnCO7,,energy_grav,C_strict_post_DFT,ExtraTrees,84.02973884774988,199.1944425488039,115.164703701054,,84.02973884774988,,energy_grav,ExtraTrees
371,Na5-6Sn2P(CO4)4,Na6Sn2P(CO4)4,Sn2P(CO4)4,phosphate_or_NASICON_like,Sn2P(CO4)4,,energy_grav,C_strict_post_DFT,ExtraTrees,101.10517670884973,183.37588624926423,82.2707095404145,,101.10517670884973,,energy_grav,ExtraTrees
372,Na0-1Ti3P3O13,NaTi3P3O13,Ti3P3O13,phosphate_or_NASICON_like,Ti3P3O13,,energy_grav,C_strict_post_DFT,ExtraTrees,119.5474600684942,212.30571248986865,92.75825242137444,,119.5474600684942,,energy_grav,ExtraTrees
373,Na2-3SiBSbO7,Na3SiBSbO7,SiBSbO7,silicate_like,SiBSbO7,,energy_grav,C_strict_post_DFT,ExtraTrees,133.0266694711851,158.48322883985963,25.456559368674533,,133.0266694711851,,energy_grav,ExtraTrees
374,Na0-1Ca2Rh,NaCa2Rh,Ca2Rh,other_or_unclear,Ca2Rh,,energy_grav,C_strict_post_DFT,ExtraTrees,-32.347574725750746,-71.26562066686246,38.918045941111714,,-32.347574725750746,,energy_grav,ExtraTrees
375,Na0-0.25PW3O11,NaP4(W3O11)4,PW3O11,phosphate_or_NASICON_like,PW3O11,,energy_grav,C_strict_post_DFT,ExtraTrees,23.46395100500684,99.1196795579264,75.65572855291956,,23.46395100500684,,energy_grav,ExtraTrees
376,Na0-3Re,Na3Re,Re,other_or_unclear,Re,,energy_grav,C_strict_post_DFT,ExtraTrees,-540.3139489782085,-242.9100837212655,297.403865256943,,-540.3139489782085,,energy_grav,ExtraTrees
377,Na0-3Ni,Na3Ni,Ni,other_or_unclear,Ni,,energy_grav,C_strict_post_DFT,ExtraTrees,-349.972899225273,-127.04377616092768,222.92912306434533,,-349.972899225273,,energy_grav,ExtraTrees
378,Na0-3Co,Na3Co,Co,other_or_unclear,Co,,energy_grav,C_strict_post_DFT,ExtraTrees,-551.081256756833,-187.5274264695765,363.55383028725646,,-551.081256756833,,energy_grav,ExtraTrees
379,Na0-0.5V3S4,Na(V3S4)2,V3S4,other_or_unclear,V3S4,,energy_grav,C_strict_post_DFT,ExtraTrees,45.7632179683505,231.092468921198,185.32925095284747,,45.7632179683505,,energy_grav,ExtraTrees
380,Na0-1ScSn,NaScSn,ScSn,other_or_unclear,ScSn,,energy_grav,C_strict_post_DFT,ExtraTrees,104.78424308320233,24.604713150940537,80.17952993226179,,104.78424308320233,,energy_grav,ExtraTrees
381,Na0-1Ti8O13,NaTi8O13,Ti8O13,transition_metal_oxide_like,Ti8O13,,energy_grav,C_strict_post_DFT,ExtraTrees,43.59254968910663,135.3271633441958,91.73461365508918,,43.59254968910663,,energy_grav,ExtraTrees
382,Na0.83-0.89NiO2,Na8(NiO2)9,NiO2,transition_metal_oxide_like,NiO2,,energy_grav,C_strict_post_DFT,ExtraTrees,35.231628980352085,253.21682773445303,217.98519875410096,,35.231628980352085,,energy_grav,ExtraTrees
383,Na1-2KSb,KNa2Sb,KSb,other_or_unclear,KSb,,energy_grav,C_strict_post_DFT,ExtraTrees,169.61379089322114,188.0601156832425,18.44632479002135,,169.61379089322114,,energy_grav,ExtraTrees
384,Na4-7Ti11O24,Na7Ti11O24,Ti11O24,transition_metal_oxide_like,Ti11O24,,energy_grav,C_strict_post_DFT,ExtraTrees,147.51317219807046,130.24035930700407,17.272812891066394,,147.51317219807046,,energy_grav,ExtraTrees
385,Na0-1Cs2MoBr6,Cs2NaMoBr6,Cs2MoBr6,other_or_unclear,Cs2MoBr6,,energy_grav,C_strict_post_DFT,ExtraTrees,69.48594848418614,62.21255438687,7.273394097316142,,69.48594848418614,,energy_grav,ExtraTrees
386,Na0.67-1CrSe2,NaCrSe2,CrSe2,other_or_unclear,CrSe2,,energy_grav,C_strict_post_DFT,ExtraTrees,68.14214857723837,171.93116985947557,103.7890212822372,,68.14214857723837,,energy_grav,ExtraTrees
387,Na0.77-0.85WO3,Na11(WO3)13,WO3,transition_metal_oxide_like,WO3,,energy_grav,C_strict_post_DFT,ExtraTrees,20.996652328548965,180.45601927296445,159.45936694441548,,20.996652328548965,,energy_grav,ExtraTrees
388,Na2-3Ti6O13,Na3Ti6O13,Ti6O13,transition_metal_oxide_like,Ti6O13,,energy_grav,C_strict_post_DFT,ExtraTrees,20.925716638796143,160.99490659461762,140.06918995582149,,20.925716638796143,,energy_grav,ExtraTrees
389,Na0-0.5Nb3S4,Na(Nb3S4)2,Nb3S4,other_or_unclear,Nb3S4,,energy_grav,C_strict_post_DFT,ExtraTrees,31.263054398382643,94.81268094721852,63.54962654883587,,31.263054398382643,,energy_grav,ExtraTrees
390,Na0-1Rb2MoBr6,Rb2NaMoBr6,Rb2MoBr6,other_or_unclear,Rb2MoBr6,,energy_grav,C_strict_post_DFT,ExtraTrees,76.26882328849665,90.18960147122182,13.920778182725172,,76.26882328849665,,energy_grav,ExtraTrees
391,Na4-5Ti3O8,Na5Ti3O8,Ti3O8,transition_metal_oxide_like,Ti3O8,,energy_grav,C_strict_post_DFT,ExtraTrees,55.15636801606066,231.48127511334863,176.32490709728796,,55.15636801606066,,energy_grav,ExtraTrees
392,Na0-0.5Nb2(PO4)3,NaNb4(PO4)6,Nb2(PO4)3,phosphate_or_NASICON_like,Nb2(PO4)3,,energy_grav,C_strict_post_DFT,ExtraTrees,45.31484280321008,140.0444642024843,94.72962139927428,,45.31484280321008,,energy_grav,ExtraTrees
393,Na0-0.5Ti3Se4,Na(Ti3Se4)2,Ti3Se4,other_or_unclear,Ti3Se4,,energy_grav,C_strict_post_DFT,ExtraTrees,18.33063912338722,51.30342144756925,32.972782324182035,,18.33063912338722,,energy_grav,ExtraTrees
394,Na0-4.25Mo15S19,Na17(Mo15S19)4,Mo15S19,other_or_unclear,Mo15S19,,energy_grav,C_strict_post_DFT,ExtraTrees,89.8239437212102,116.6563253472122,26.832381626002004,,89.8239437212102,,energy_grav,ExtraTrees
395,Na0-0.5SnO2,Na(SnO2)2,SnO2,other_or_unclear,SnO2,,energy_grav,C_strict_post_DFT,ExtraTrees,170.1947610377505,260.4213268611921,90.22656582344158,,170.1947610377505,,energy_grav,ExtraTrees
396,Na0-0.25FeSb3,Na(FeSb3)4,FeSb3,other_or_unclear,FeSb3,,energy_grav,C_strict_post_DFT,ExtraTrees,15.156340117110954,8.116730375951454,7.0396097411595004,,15.156340117110954,,energy_grav,ExtraTrees
397,Na0-0.5PrCl3,NaPr2Cl6,PrCl3,other_or_unclear,PrCl3,,energy_grav,C_strict_post_DFT,ExtraTrees,2.332526370108374,71.73595249412975,69.40342612402138,,2.332526370108374,,energy_grav,ExtraTrees
398,Na0-0.5Nb3Se4,Na(Nb3Se4)2,Nb3Se4,other_or_unclear,Nb3Se4,,energy_grav,C_strict_post_DFT,ExtraTrees,17.7423697501907,21.686904136353217,3.944534386162516,,17.7423697501907,,energy_grav,ExtraTrees
399,Na0.5-0.67NbSe2,Na2(NbSe2)3,NbSe2,other_or_unclear,NbSe2,,energy_grav,C_strict_post_DFT,ExtraTrees,23.30390891109744,51.64013146534743,28.33622255424999,,23.30390891109744,,energy_grav,ExtraTrees
400,Na0-1Cs2UBr6,Cs2NaUBr6,Cs2UBr6,other_or_unclear,Cs2UBr6,,energy_grav,C_strict_post_DFT,ExtraTrees,30.538052593020087,62.99640574793105,32.45835315491097,,30.538052593020087,,energy_grav,ExtraTrees
401,Na0-0.25Ce2Se3,Na(Ce2Se3)4,Ce2Se3,other_or_unclear,Ce2Se3,,energy_grav,C_strict_post_DFT,ExtraTrees,16.739194810885543,43.94996950770328,27.210774696817737,,16.739194810885543,,energy_grav,ExtraTrees
402,Na2-2.17Ti4O9,Na13Ti24O54,Ti4O9,transition_metal_oxide_like,Ti4O9,,energy_grav,C_strict_post_DFT,ExtraTrees,17.826535746113354,116.03894878053838,98.21241303442504,,17.826535746113354,,energy_grav,ExtraTrees
403,Na0-2InBi,Na2InBi,InBi,other_or_unclear,InBi,,energy_grav,C_strict_post_DFT,ExtraTrees,-262.07416613456,-51.09024556276233,210.98392057179768,,-262.07416613456,,energy_grav,ExtraTrees
404,Na1-2Ca2Ta3O10,Na2Ca2Ta3O10,Ca2Ta3O10,other_or_unclear,Ca2Ta3O10,,energy_grav,C_strict_post_DFT,ExtraTrees,11.08010975417159,185.7686756671617,174.68856591299007,,11.08010975417159,,energy_grav,ExtraTrees
405,Na0-0.5Nb3Te4,Na(Nb3Te4)2,Nb3Te4,other_or_unclear,Nb3Te4,,energy_grav,C_strict_post_DFT,ExtraTrees,10.129309396682666,12.265412706295406,2.1361033096127398,,10.129309396682666,,energy_grav,ExtraTrees
406,Na0-0.12WO3,Na(WO3)8,WO3,transition_metal_oxide_like,WO3,,energy_grav,C_strict_post_DFT,ExtraTrees,21.62043164492936,108.69940150239492,87.07896985746555,,21.62043164492936,,energy_grav,ExtraTrees
407,Na0-1VCu3Se4,NaVCu3Se4,VCu3Se4,other_or_unclear,VCu3Se4,,energy_grav,C_strict_post_DFT,ExtraTrees,24.825927554741167,48.77361174383655,23.94768418909538,,24.825927554741167,,energy_grav,ExtraTrees
408,Na0-1Cs2TaCl6,Cs2NaTaCl6,Cs2TaCl6,other_or_unclear,Cs2TaCl6,,energy_grav,C_strict_post_DFT,ExtraTrees,35.28447703671399,82.81566096648268,47.53118392976869,,35.28447703671399,,energy_grav,ExtraTrees
409,Na0-3Mo15Se19,Na3Mo15Se19,Mo15Se19,other_or_unclear,Mo15Se19,,energy_grav,C_strict_post_DFT,ExtraTrees,43.337332829426686,43.80994507518116,0.472612245754469,,43.337332829426686,,energy_grav,ExtraTrees
410,Na1-2BaSn,BaNa2Sn,BaSn,other_or_unclear,BaSn,,energy_grav,C_strict_post_DFT,ExtraTrees,54.58061430835913,110.00931916815146,55.42870485979233,,54.58061430835913,,energy_grav,ExtraTrees
411,Na0-0.5Mo3Se4,Na(Mo3Se4)2,Mo3Se4,other_or_unclear,Mo3Se4,,energy_grav,C_strict_post_DFT,ExtraTrees,36.494128298418005,32.08368705453387,4.4104412438841365,,36.494128298418005,,energy_grav,ExtraTrees
412,Na0-1K2TaCl6,K2NaTaCl6,K2TaCl6,other_or_unclear,K2TaCl6,,energy_grav,C_strict_post_DFT,ExtraTrees,46.16381798112692,124.64995949659894,78.48614151547201,,46.16381798112692,,energy_grav,ExtraTrees
413,Na0-2Mo15Se19,Na2Mo15Se19,Mo15Se19,other_or_unclear,Mo15Se19,,energy_grav,C_strict_post_DFT,ExtraTrees,30.618469407759925,50.47118037481828,19.85271096705836,,30.618469407759925,,energy_grav,ExtraTrees
414,Na0-0.5UCl3,NaU2Cl6,UCl3,other_or_unclear,UCl3,,energy_grav,C_strict_post_DFT,ExtraTrees,9.21896145518268,34.056779453000864,24.837817997818185,,9.21896145518268,,energy_grav,ExtraTrees
415,Na0.17-0.33HfNCl,NaHf3(NCl)3,HfNCl,other_or_unclear,HfNCl,,energy_grav,C_strict_post_DFT,ExtraTrees,39.43028403501452,210.8088044415704,171.37852040655585,,39.43028403501452,,energy_grav,ExtraTrees
